partido_id,jugador_id,titular
P-001,URU-1,true
P-001,URU-2,true
P-001,URU-6,true
P-001,URU-5,true
P-001,URU-3,true
P-001,URU-16,true
P-001,URU-10,true
P-001,URU-11,true
P-001,URU-21,true
P-001,URU-22,true
P-001,URU-20,true
P-001,KSA-1,true
P-001,KSA-3,true
P-001,KSA-2,true
P-001,KSA-4,true
P-001,KSA-5,true
P-001,KSA-14,true
P-001,KSA-15,true
P-001,KSA-10,true
P-001,KSA-20,true
P-001,KSA-24,true
P-001,KSA-25,true
P-001,URU-25,false
P-001,URU-13,false
P-001,URU-8,false
P-001,KSA-18,false
P-001,KSA-9,false
P-001,KSA-7,false
P-001,KSA-21,false
P-001,KSA-8,false
P-002,ARG-23,true
P-002,ARG-2,true
P-002,ARG-5,true
P-002,ARG-3,true
P-002,ARG-4,true
P-002,ARG-10,true
P-002,ARG-14,true
P-002,ARG-11,true
P-002,ARG-26,true
P-002,ARG-20,true
P-002,ARG-24,true
P-002,JOR-23,true
P-002,JOR-9,true
P-002,JOR-7,true
P-002,JOR-4,true
P-002,JOR-5,true
P-002,JOR-15,true
P-002,JOR-10,true
P-002,JOR-11,true
P-002,JOR-25,true
P-002,JOR-21,true
P-002,JOR-20,true
P-002,ARG-9,false
P-002,ARG-8,false
P-002,ARG-13,false
P-002,ARG-25,false
P-002,JOR-17,false
P-002,JOR-22,false
P-002,JOR-2,false
P-002,JOR-16,false
P-002,JOR-26,false
P-003,PAR-23,true
P-003,PAR-2,true
P-003,PAR-3,true
P-003,PAR-9,true
P-003,PAR-6,true
P-003,PAR-10,true
P-003,PAR-14,true
P-003,PAR-17,true
P-003,PAR-25,true
P-003,PAR-22,true
P-003,PAR-24,true
P-003,USA-12,true
P-003,USA-6,true
P-003,USA-2,true
P-003,USA-4,true
P-003,USA-3,true
P-003,USA-11,true
P-003,USA-10,true
P-003,USA-13,true
P-003,USA-22,true
P-003,USA-21,true
P-003,USA-20,true
P-003,PAR-7,false
P-003,PAR-21,false
P-003,PAR-20,false
P-003,PAR-18,false
P-003,PAR-11,false
P-003,USA-25,false
P-003,USA-26,false
P-003,USA-7,false
P-003,USA-8,false
P-003,USA-15,false
P-004,MEX-12,true
P-004,MEX-2,true
P-004,MEX-3,true
P-004,MEX-7,true
P-004,MEX-4,true
P-004,MEX-16,true
P-004,MEX-10,true
P-004,MEX-11,true
P-004,MEX-20,true
P-004,MEX-21,true
P-004,MEX-26,true
P-004,CZE-12,true
P-004,CZE-5,true
P-004,CZE-8,true
P-004,CZE-4,true
P-004,CZE-6,true
P-004,CZE-16,true
P-004,CZE-10,true
P-004,CZE-18,true
P-004,CZE-22,true
P-004,CZE-21,true
P-004,CZE-24,true
P-004,MEX-22,false
P-004,MEX-19,false
P-004,MEX-14,false
P-004,MEX-17,false
P-004,CZE-7,false
P-004,CZE-15,false
P-004,CZE-14,false
P-005,KOR-1,true
P-005,KOR-4,true
P-005,KOR-2,true
P-005,KOR-5,true
P-005,KOR-3,true
P-005,KOR-19,true
P-005,KOR-10,true
P-005,KOR-11,true
P-005,KOR-20,true
P-005,KOR-22,true
P-005,KOR-24,true
P-005,RSA-23,true
P-005,RSA-9,true
P-005,RSA-8,true
P-005,RSA-6,true
P-005,RSA-2,true
P-005,RSA-10,true
P-005,RSA-13,true
P-005,RSA-11,true
P-005,RSA-26,true
P-005,RSA-24,true
P-005,RSA-25,true
P-005,KOR-17,false
P-005,KOR-26,false
P-005,KOR-6,false
P-005,RSA-21,false
P-005,RSA-22,false
P-005,RSA-4,false
P-005,RSA-5,false
P-005,RSA-7,false
P-006,SUI-1,true
P-006,SUI-4,true
P-006,SUI-2,true
P-006,SUI-3,true
P-006,SUI-6,true
P-006,SUI-10,true
P-006,SUI-18,true
P-006,SUI-13,true
P-006,SUI-20,true
P-006,SUI-21,true
P-006,SUI-22,true
P-006,BIH-1,true
P-006,BIH-3,true
P-006,BIH-7,true
P-006,BIH-9,true
P-006,BIH-2,true
P-006,BIH-11,true
P-006,BIH-13,true
P-006,BIH-10,true
P-006,BIH-26,true
P-006,BIH-24,true
P-006,BIH-21,true
P-006,SUI-14,false
P-006,SUI-7,false
P-006,SUI-17,false
P-006,SUI-24,false
P-006,SUI-19,false
P-006,BIH-5,false
P-006,BIH-8,false
P-006,BIH-6,false
P-006,BIH-15,false
P-006,BIH-19,false
P-007,CAN-1,true
P-007,CAN-4,true
P-007,CAN-3,true
P-007,CAN-6,true
P-007,CAN-7,true
P-007,CAN-11,true
P-007,CAN-10,true
P-007,CAN-14,true
P-007,CAN-22,true
P-007,CAN-25,true
P-007,CAN-24,true
P-007,QAT-1,true
P-007,QAT-3,true
P-007,QAT-5,true
P-007,QAT-7,true
P-007,QAT-8,true
P-007,QAT-11,true
P-007,QAT-16,true
P-007,QAT-10,true
P-007,QAT-21,true
P-007,QAT-24,true
P-007,QAT-20,true
P-007,CAN-19,false
P-007,CAN-9,false
P-007,CAN-21,false
P-007,CAN-20,false
P-007,CAN-16,false
P-007,QAT-26,false
P-007,QAT-22,false
P-007,QAT-6,false
P-008,BRA-1,true
P-008,BRA-4,true
P-008,BRA-8,true
P-008,BRA-6,true
P-008,BRA-2,true
P-008,BRA-11,true
P-008,BRA-19,true
P-008,BRA-10,true
P-008,BRA-20,true
P-008,BRA-22,true
P-008,BRA-21,true
P-008,HAI-12,true
P-008,HAI-2,true
P-008,HAI-9,true
P-008,HAI-6,true
P-008,HAI-3,true
P-008,HAI-11,true
P-008,HAI-13,true
P-008,HAI-10,true
P-008,HAI-20,true
P-008,HAI-21,true
P-008,HAI-22,true
P-008,BRA-16,false
P-008,BRA-26,false
P-008,BRA-13,false
P-008,HAI-19,false
P-008,HAI-25,false
P-008,HAI-18,false
P-008,HAI-5,false
P-009,MAR-1,true
P-009,MAR-5,true
P-009,MAR-2,true
P-009,MAR-3,true
P-009,MAR-4,true
P-009,MAR-13,true
P-009,MAR-11,true
P-009,MAR-17,true
P-009,MAR-22,true
P-009,MAR-20,true
P-009,MAR-21,true
P-009,SCO-12,true
P-009,SCO-2,true
P-009,SCO-3,true
P-009,SCO-4,true
P-009,SCO-7,true
P-009,SCO-11,true
P-009,SCO-10,true
P-009,SCO-15,true
P-009,SCO-26,true
P-009,SCO-24,true
P-009,SCO-20,true
P-009,MAR-26,false
P-009,MAR-8,false
P-009,MAR-15,false
P-009,SCO-21,false
P-009,SCO-22,false
P-009,SCO-16,false
P-009,SCO-18,false
P-010,TUR-23,true
P-010,TUR-5,true
P-010,TUR-3,true
P-010,TUR-2,true
P-010,TUR-6,true
P-010,TUR-13,true
P-010,TUR-14,true
P-010,TUR-16,true
P-010,TUR-20,true
P-010,TUR-21,true
P-010,TUR-25,true
P-010,AUS-1,true
P-010,AUS-5,true
P-010,AUS-6,true
P-010,AUS-4,true
P-010,AUS-2,true
P-010,AUS-10,true
P-010,AUS-16,true
P-010,AUS-13,true
P-010,AUS-21,true
P-010,AUS-20,true
P-010,AUS-22,true
P-010,TUR-18,false
P-010,TUR-4,false
P-010,TUR-17,false
P-010,AUS-17,false
P-010,AUS-26,false
P-010,AUS-14,false
P-011,GER-1,true
P-011,GER-4,true
P-011,GER-8,true
P-011,GER-2,true
P-011,GER-6,true
P-011,GER-16,true
P-011,GER-19,true
P-011,GER-11,true
P-011,GER-21,true
P-011,GER-25,true
P-011,GER-20,true
P-011,CUW-1,true
P-011,CUW-3,true
P-011,CUW-2,true
P-011,CUW-4,true
P-011,CUW-5,true
P-011,CUW-10,true
P-011,CUW-11,true
P-011,CUW-13,true
P-011,CUW-20,true
P-011,CUW-21,true
P-011,CUW-22,true
P-011,GER-3,false
P-011,GER-24,false
P-011,GER-17,false
P-011,GER-5,false
P-011,CUW-18,false
P-011,CUW-24,false
P-011,CUW-19,false
P-011,CUW-8,false
P-011,CUW-25,false
P-012,ECU-1,true
P-012,ECU-4,true
P-012,ECU-2,true
P-012,ECU-3,true
P-012,ECU-7,true
P-012,ECU-14,true
P-012,ECU-10,true
P-012,ECU-11,true
P-012,ECU-22,true
P-012,ECU-20,true
P-012,ECU-21,true
P-012,CIV-1,true
P-012,CIV-2,true
P-012,CIV-9,true
P-012,CIV-3,true
P-012,CIV-7,true
P-012,CIV-15,true
P-012,CIV-11,true
P-012,CIV-10,true
P-012,CIV-24,true
P-012,CIV-25,true
P-012,CIV-20,true
P-012,ECU-5,false
P-012,ECU-8,false
P-012,ECU-26,false
P-012,CIV-8,false
P-012,CIV-21,false
P-012,CIV-5,false
P-013,NED-12,true
P-013,NED-3,true
P-013,NED-4,true
P-013,NED-7,true
P-013,NED-8,true
P-013,NED-14,true
P-013,NED-18,true
P-013,NED-19,true
P-013,NED-20,true
P-013,NED-24,true
P-013,NED-21,true
P-013,TUN-12,true
P-013,TUN-6,true
P-013,TUN-5,true
P-013,TUN-2,true
P-013,TUN-7,true
P-013,TUN-10,true
P-013,TUN-14,true
P-013,TUN-13,true
P-013,TUN-21,true
P-013,TUN-25,true
P-013,TUN-24,true
P-013,NED-22,false
P-013,NED-5,false
P-013,NED-6,false
P-013,NED-13,false
P-013,TUN-22,false
P-013,TUN-19,false
P-013,TUN-17,false
P-013,TUN-20,false
P-014,JPN-23,true
P-014,JPN-2,true
P-014,JPN-3,true
P-014,JPN-7,true
P-014,JPN-6,true
P-014,JPN-13,true
P-014,JPN-11,true
P-014,JPN-18,true
P-014,JPN-20,true
P-014,JPN-26,true
P-014,JPN-24,true
P-014,SWE-23,true
P-014,SWE-4,true
P-014,SWE-9,true
P-014,SWE-2,true
P-014,SWE-6,true
P-014,SWE-10,true
P-014,SWE-11,true
P-014,SWE-17,true
P-014,SWE-21,true
P-014,SWE-24,true
P-014,SWE-22,true
P-014,JPN-14,false
P-014,JPN-25,false
P-014,JPN-4,false
P-014,JPN-16,false
P-014,SWE-8,false
P-014,SWE-7,false
P-014,SWE-19,false
P-014,SWE-13,false
P-014,SWE-18,false
P-015,BEL-23,true
P-015,BEL-4,true
P-015,BEL-6,true
P-015,BEL-3,true
P-015,BEL-5,true
P-015,BEL-10,true
P-015,BEL-11,true
P-015,BEL-14,true
P-015,BEL-26,true
P-015,BEL-20,true
P-015,BEL-22,true
P-015,NZL-12,true
P-015,NZL-2,true
P-015,NZL-6,true
P-015,NZL-5,true
P-015,NZL-3,true
P-015,NZL-18,true
P-015,NZL-17,true
P-015,NZL-11,true
P-015,NZL-26,true
P-015,NZL-20,true
P-015,NZL-22,true
P-015,BEL-2,false
P-015,BEL-24,false
P-015,BEL-13,false
P-015,BEL-21,false
P-015,BEL-18,false
P-015,NZL-24,false
P-015,NZL-9,false
P-015,NZL-8,false
P-015,NZL-4,false
P-016,IRN-1,true
P-016,IRN-2,true
P-016,IRN-4,true
P-016,IRN-5,true
P-016,IRN-6,true
P-016,IRN-14,true
P-016,IRN-10,true
P-016,IRN-13,true
P-016,IRN-22,true
P-016,IRN-20,true
P-016,IRN-26,true
P-016,EGY-12,true
P-016,EGY-2,true
P-016,EGY-3,true
P-016,EGY-4,true
P-016,EGY-5,true
P-016,EGY-14,true
P-016,EGY-11,true
P-016,EGY-16,true
P-016,EGY-20,true
P-016,EGY-21,true
P-016,EGY-22,true
P-016,IRN-8,false
P-016,IRN-9,false
P-016,IRN-19,false
P-016,EGY-7,false
P-016,EGY-26,false
P-016,EGY-17,false
P-017,ESP-1,true
P-017,ESP-2,true
P-017,ESP-6,true
P-017,ESP-3,true
P-017,ESP-4,true
P-017,ESP-19,true
P-017,ESP-14,true
P-017,ESP-11,true
P-017,ESP-21,true
P-017,ESP-24,true
P-017,ESP-25,true
P-017,CPV-23,true
P-017,CPV-6,true
P-017,CPV-7,true
P-017,CPV-8,true
P-017,CPV-3,true
P-017,CPV-14,true
P-017,CPV-13,true
P-017,CPV-15,true
P-017,CPV-24,true
P-017,CPV-25,true
P-017,CPV-20,true
P-017,ESP-26,false
P-017,ESP-17,false
P-017,ESP-7,false
P-017,CPV-9,false
P-017,CPV-11,false
P-017,CPV-22,false
P-018,FRA-1,true
P-018,FRA-5,true
P-018,FRA-4,true
P-018,FRA-3,true
P-018,FRA-6,true
P-018,FRA-14,true
P-018,FRA-10,true
P-018,FRA-11,true
P-018,FRA-21,true
P-018,FRA-20,true
P-018,FRA-26,true
P-018,IRQ-23,true
P-018,IRQ-2,true
P-018,IRQ-4,true
P-018,IRQ-3,true
P-018,IRQ-6,true
P-018,IRQ-10,true
P-018,IRQ-11,true
P-018,IRQ-13,true
P-018,IRQ-22,true
P-018,IRQ-20,true
P-018,IRQ-21,true
P-018,FRA-19,false
P-018,FRA-25,false
P-018,FRA-7,false
P-018,FRA-18,false
P-018,IRQ-17,false
P-018,IRQ-25,false
P-018,IRQ-8,false
P-018,IRQ-16,false
P-019,SEN-1,true
P-019,SEN-3,true
P-019,SEN-8,true
P-019,SEN-4,true
P-019,SEN-6,true
P-019,SEN-19,true
P-019,SEN-10,true
P-019,SEN-18,true
P-019,SEN-22,true
P-019,SEN-21,true
P-019,SEN-26,true
P-019,NOR-23,true
P-019,NOR-3,true
P-019,NOR-2,true
P-019,NOR-7,true
P-019,NOR-4,true
P-019,NOR-11,true
P-019,NOR-10,true
P-019,NOR-16,true
P-019,NOR-25,true
P-019,NOR-21,true
P-019,NOR-20,true
P-019,SEN-13,false
P-019,SEN-20,false
P-019,SEN-24,false
P-019,SEN-5,false
P-019,SEN-14,false
P-019,NOR-19,false
P-019,NOR-13,false
P-019,NOR-22,false
P-019,NOR-6,false
P-020,AUT-12,true
P-020,AUT-4,true
P-020,AUT-5,true
P-020,AUT-2,true
P-020,AUT-3,true
P-020,AUT-10,true
P-020,AUT-15,true
P-020,AUT-14,true
P-020,AUT-20,true
P-020,AUT-24,true
P-020,AUT-26,true
P-020,ALG-12,true
P-020,ALG-4,true
P-020,ALG-3,true
P-020,ALG-6,true
P-020,ALG-7,true
P-020,ALG-14,true
P-020,ALG-18,true
P-020,ALG-16,true
P-020,ALG-20,true
P-020,ALG-24,true
P-020,ALG-22,true
P-020,AUT-8,false
P-020,AUT-6,false
P-020,AUT-9,false
P-020,AUT-11,false
P-020,AUT-16,false
P-020,ALG-11,false
P-020,ALG-2,false
P-020,ALG-15,false
P-020,ALG-9,false
P-021,POR-23,true
P-021,POR-3,true
P-021,POR-4,true
P-021,POR-2,true
P-021,POR-5,true
P-021,POR-10,true
P-021,POR-15,true
P-021,POR-13,true
P-021,POR-25,true
P-021,POR-21,true
P-021,POR-20,true
P-021,COD-1,true
P-021,COD-2,true
P-021,COD-3,true
P-021,COD-4,true
P-021,COD-5,true
P-021,COD-10,true
P-021,COD-18,true
P-021,COD-11,true
P-021,COD-20,true
P-021,COD-21,true
P-021,COD-24,true
P-021,POR-9,false
P-021,POR-6,false
P-021,POR-19,false
P-021,POR-22,false
P-021,COD-7,false
P-021,COD-22,false
P-021,COD-14,false
P-021,COD-6,false
P-022,COL-23,true
P-022,COL-7,true
P-022,COL-3,true
P-022,COL-8,true
P-022,COL-2,true
P-022,COL-10,true
P-022,COL-14,true
P-022,COL-17,true
P-022,COL-24,true
P-022,COL-20,true
P-022,COL-26,true
P-022,UZB-12,true
P-022,UZB-6,true
P-022,UZB-2,true
P-022,UZB-5,true
P-022,UZB-7,true
P-022,UZB-18,true
P-022,UZB-11,true
P-022,UZB-19,true
P-022,UZB-22,true
P-022,UZB-26,true
P-022,UZB-21,true
P-022,COL-9,false
P-022,COL-5,false
P-022,COL-15,false
P-022,COL-16,false
P-022,COL-4,false
P-022,UZB-25,false
P-022,UZB-14,false
P-022,UZB-10,false
P-023,ENG-1,true
P-023,ENG-2,true
P-023,ENG-3,true
P-023,ENG-4,true
P-023,ENG-5,true
P-023,ENG-10,true
P-023,ENG-13,true
P-023,ENG-17,true
P-023,ENG-21,true
P-023,ENG-20,true
P-023,ENG-22,true
P-023,GHA-1,true
P-023,GHA-5,true
P-023,GHA-3,true
P-023,GHA-7,true
P-023,GHA-4,true
P-023,GHA-10,true
P-023,GHA-11,true
P-023,GHA-14,true
P-023,GHA-20,true
P-023,GHA-22,true
P-023,GHA-21,true
P-023,ENG-9,false
P-023,ENG-7,false
P-023,ENG-25,false
P-023,ENG-14,false
P-023,ENG-24,false
P-023,GHA-13,false
P-023,GHA-24,false
P-023,GHA-19,false
P-023,GHA-16,false
P-023,GHA-6,false
P-024,CRO-1,true
P-024,CRO-6,true
P-024,CRO-3,true
P-024,CRO-2,true
P-024,CRO-4,true
P-024,CRO-15,true
P-024,CRO-16,true
P-024,CRO-10,true
P-024,CRO-26,true
P-024,CRO-25,true
P-024,CRO-20,true
P-024,PAN-12,true
P-024,PAN-3,true
P-024,PAN-4,true
P-024,PAN-5,true
P-024,PAN-2,true
P-024,PAN-16,true
P-024,PAN-19,true
P-024,PAN-11,true
P-024,PAN-20,true
P-024,PAN-26,true
P-024,PAN-22,true
P-024,CRO-9,false
P-024,CRO-8,false
P-024,CRO-7,false
P-024,PAN-7,false
P-024,PAN-9,false
P-024,PAN-18,false
P-024,PAN-24,false
P-024,PAN-6,false
P-025,ITA-1,true
P-025,ITA-3,true
P-025,ITA-5,true
P-025,ITA-2,true
P-025,ITA-7,true
P-025,ITA-18,true
P-025,ITA-15,true
P-025,ITA-11,true
P-025,ITA-22,true
P-025,ITA-26,true
P-025,ITA-20,true
P-025,CHN-1,true
P-025,CHN-4,true
P-025,CHN-2,true
P-025,CHN-7,true
P-025,CHN-6,true
P-025,CHN-14,true
P-025,CHN-13,true
P-025,CHN-10,true
P-025,CHN-20,true
P-025,CHN-22,true
P-025,CHN-21,true
P-025,ITA-6,false
P-025,ITA-10,false
P-025,ITA-9,false
P-025,ITA-13,false
P-025,CHN-9,false
P-025,CHN-11,false
P-025,CHN-3,false
P-025,CHN-16,false
P-026,CHI-23,true
P-026,CHI-4,true
P-026,CHI-2,true
P-026,CHI-3,true
P-026,CHI-5,true
P-026,CHI-14,true
P-026,CHI-10,true
P-026,CHI-11,true
P-026,CHI-26,true
P-026,CHI-22,true
P-026,CHI-21,true
P-026,NGA-1,true
P-026,NGA-7,true
P-026,NGA-6,true
P-026,NGA-2,true
P-026,NGA-3,true
P-026,NGA-17,true
P-026,NGA-10,true
P-026,NGA-18,true
P-026,NGA-20,true
P-026,NGA-22,true
P-026,NGA-21,true
P-026,CHI-20,false
P-026,CHI-19,false
P-026,CHI-18,false
P-026,CHI-13,false
P-026,NGA-19,false
P-026,NGA-25,false
P-026,NGA-8,false
P-027,DEN-12,true
P-027,DEN-3,true
P-027,DEN-5,true
P-027,DEN-2,true
P-027,DEN-4,true
P-027,DEN-14,true
P-027,DEN-10,true
P-027,DEN-11,true
P-027,DEN-25,true
P-027,DEN-20,true
P-027,DEN-22,true
P-027,CMR-23,true
P-027,CMR-3,true
P-027,CMR-5,true
P-027,CMR-2,true
P-027,CMR-8,true
P-027,CMR-14,true
P-027,CMR-10,true
P-027,CMR-18,true
P-027,CMR-20,true
P-027,CMR-25,true
P-027,CMR-21,true
P-027,DEN-26,false
P-027,DEN-15,false
P-027,DEN-24,false
P-027,DEN-16,false
P-027,CMR-19,false
P-027,CMR-7,false
P-027,CMR-24,false
P-027,CMR-22,false
P-027,CMR-4,false
P-028,WAL-1,true
P-028,WAL-7,true
P-028,WAL-2,true
P-028,WAL-6,true
P-028,WAL-5,true
P-028,WAL-17,true
P-028,WAL-14,true
P-028,WAL-10,true
P-028,WAL-20,true
P-028,WAL-22,true
P-028,WAL-25,true
P-028,PER-12,true
P-028,PER-3,true
P-028,PER-7,true
P-028,PER-5,true
P-028,PER-2,true
P-028,PER-10,true
P-028,PER-11,true
P-028,PER-13,true
P-028,PER-24,true
P-028,PER-21,true
P-028,PER-25,true
P-028,WAL-8,false
P-028,WAL-13,false
P-028,WAL-9,false
P-028,WAL-16,false
P-028,WAL-18,false
P-028,PER-8,false
P-028,PER-26,false
P-028,PER-4,false
P-029,POL-1,true
P-029,POL-2,true
P-029,POL-5,true
P-029,POL-7,true
P-029,POL-6,true
P-029,POL-13,true
P-029,POL-10,true
P-029,POL-11,true
P-029,POL-25,true
P-029,POL-22,true
P-029,POL-20,true
P-029,MLI-12,true
P-029,MLI-3,true
P-029,MLI-2,true
P-029,MLI-4,true
P-029,MLI-8,true
P-029,MLI-13,true
P-029,MLI-10,true
P-029,MLI-11,true
P-029,MLI-20,true
P-029,MLI-21,true
P-029,MLI-22,true
P-029,POL-18,false
P-029,POL-14,false
P-029,POL-26,false
P-029,POL-8,false
P-029,POL-9,false
P-029,MLI-15,false
P-029,MLI-9,false
P-029,MLI-14,false
P-030,VEN-1,true
P-030,VEN-3,true
P-030,VEN-4,true
P-030,VEN-5,true
P-030,VEN-2,true
P-030,VEN-10,true
P-030,VEN-11,true
P-030,VEN-15,true
P-030,VEN-20,true
P-030,VEN-25,true
P-030,VEN-24,true
P-030,CRC-1,true
P-030,CRC-6,true
P-030,CRC-4,true
P-030,CRC-2,true
P-030,CRC-5,true
P-030,CRC-13,true
P-030,CRC-14,true
P-030,CRC-19,true
P-030,CRC-25,true
P-030,CRC-20,true
P-030,CRC-24,true
P-030,VEN-19,false
P-030,VEN-18,false
P-030,VEN-17,false
P-030,VEN-14,false
P-030,VEN-9,false
P-030,CRC-3,false
P-030,CRC-7,false
P-030,CRC-9,false
P-030,CRC-17,false
P-030,CRC-22,false
P-031,UKR-12,true
P-031,UKR-7,true
P-031,UKR-2,true
P-031,UKR-5,true
P-031,UKR-3,true
P-031,UKR-10,true
P-031,UKR-11,true
P-031,UKR-13,true
P-031,UKR-20,true
P-031,UKR-21,true
P-031,UKR-22,true
P-031,NCL-23,true
P-031,NCL-9,true
P-031,NCL-3,true
P-031,NCL-4,true
P-031,NCL-5,true
P-031,NCL-10,true
P-031,NCL-14,true
P-031,NCL-11,true
P-031,NCL-20,true
P-031,NCL-21,true
P-031,NCL-26,true
P-031,UKR-9,false
P-031,UKR-25,false
P-031,UKR-4,false
P-031,UKR-6,false
P-031,NCL-24,false
P-031,NCL-8,false
P-031,NCL-25,false
P-031,NCL-2,false
P-031,NCL-7,false
P-032,SRB-12,true
P-032,SRB-2,true
P-032,SRB-3,true
P-032,SRB-6,true
P-032,SRB-5,true
P-032,SRB-10,true
P-032,SRB-13,true
P-032,SRB-17,true
P-032,SRB-20,true
P-032,SRB-22,true
P-032,SRB-21,true
P-032,OMA-1,true
P-032,OMA-3,true
P-032,OMA-8,true
P-032,OMA-2,true
P-032,OMA-4,true
P-032,OMA-11,true
P-032,OMA-17,true
P-032,OMA-10,true
P-032,OMA-20,true
P-032,OMA-25,true
P-032,OMA-22,true
P-032,SRB-4,false
P-032,SRB-14,false
P-032,SRB-8,false
P-032,SRB-18,false
P-032,OMA-21,false
P-032,OMA-24,false
P-032,OMA-6,false
P-033,MEX-1,true
P-033,MEX-3,true
P-033,MEX-5,true
P-033,MEX-6,true
P-033,MEX-2,true
P-033,MEX-11,true
P-033,MEX-13,true
P-033,MEX-18,true
P-033,MEX-21,true
P-033,MEX-24,true
P-033,MEX-22,true
P-033,RSA-12,true
P-033,RSA-5,true
P-033,RSA-4,true
P-033,RSA-6,true
P-033,RSA-2,true
P-033,RSA-13,true
P-033,RSA-16,true
P-033,RSA-19,true
P-033,RSA-21,true
P-033,RSA-25,true
P-033,RSA-22,true
P-033,MEX-25,false
P-033,MEX-14,false
P-033,MEX-8,false
P-033,MEX-20,false
P-033,RSA-18,false
P-033,RSA-15,false
P-033,RSA-17,false
P-034,CZE-12,true
P-034,CZE-2,true
P-034,CZE-3,true
P-034,CZE-6,true
P-034,CZE-5,true
P-034,CZE-10,true
P-034,CZE-14,true
P-034,CZE-13,true
P-034,CZE-22,true
P-034,CZE-24,true
P-034,CZE-20,true
P-034,KOR-12,true
P-034,KOR-2,true
P-034,KOR-3,true
P-034,KOR-6,true
P-034,KOR-4,true
P-034,KOR-14,true
P-034,KOR-10,true
P-034,KOR-16,true
P-034,KOR-20,true
P-034,KOR-21,true
P-034,KOR-22,true
P-034,CZE-16,false
P-034,CZE-21,false
P-034,CZE-25,false
P-034,CZE-18,false
P-034,CZE-19,false
P-034,KOR-13,false
P-034,KOR-24,false
P-034,KOR-8,false
P-034,KOR-11,false
P-034,KOR-25,false
P-035,SUI-1,true
P-035,SUI-2,true
P-035,SUI-4,true
P-035,SUI-3,true
P-035,SUI-6,true
P-035,SUI-10,true
P-035,SUI-11,true
P-035,SUI-15,true
P-035,SUI-21,true
P-035,SUI-22,true
P-035,SUI-25,true
P-035,QAT-1,true
P-035,QAT-3,true
P-035,QAT-6,true
P-035,QAT-8,true
P-035,QAT-9,true
P-035,QAT-13,true
P-035,QAT-10,true
P-035,QAT-14,true
P-035,QAT-25,true
P-035,QAT-26,true
P-035,QAT-20,true
P-035,SUI-9,false
P-035,SUI-7,false
P-035,SUI-20,false
P-035,SUI-5,false
P-035,SUI-26,false
P-035,QAT-5,false
P-035,QAT-19,false
P-035,QAT-24,false
P-035,QAT-18,false
P-035,QAT-22,false
P-036,BIH-1,true
P-036,BIH-4,true
P-036,BIH-2,true
P-036,BIH-3,true
P-036,BIH-5,true
P-036,BIH-19,true
P-036,BIH-13,true
P-036,BIH-16,true
P-036,BIH-24,true
P-036,BIH-22,true
P-036,BIH-20,true
P-036,CAN-1,true
P-036,CAN-7,true
P-036,CAN-2,true
P-036,CAN-5,true
P-036,CAN-6,true
P-036,CAN-13,true
P-036,CAN-10,true
P-036,CAN-11,true
P-036,CAN-20,true
P-036,CAN-22,true
P-036,CAN-25,true
P-036,BIH-15,false
P-036,BIH-14,false
P-036,BIH-18,false
P-036,BIH-11,false
P-036,CAN-8,false
P-036,CAN-24,false
P-036,CAN-3,false
P-036,CAN-15,false
P-037,BRA-1,true
P-037,BRA-6,true
P-037,BRA-5,true
P-037,BRA-4,true
P-037,BRA-7,true
P-037,BRA-11,true
P-037,BRA-13,true
P-037,BRA-10,true
P-037,BRA-20,true
P-037,BRA-21,true
P-037,BRA-22,true
P-037,SCO-23,true
P-037,SCO-2,true
P-037,SCO-3,true
P-037,SCO-7,true
P-037,SCO-5,true
P-037,SCO-10,true
P-037,SCO-11,true
P-037,SCO-18,true
P-037,SCO-20,true
P-037,SCO-22,true
P-037,SCO-21,true
P-037,BRA-25,false
P-037,BRA-26,false
P-037,BRA-3,false
P-037,BRA-9,false
P-037,SCO-13,false
P-037,SCO-16,false
P-037,SCO-17,false
P-038,HAI-12,true
P-038,HAI-5,true
P-038,HAI-6,true
P-038,HAI-2,true
P-038,HAI-7,true
P-038,HAI-17,true
P-038,HAI-10,true
P-038,HAI-18,true
P-038,HAI-21,true
P-038,HAI-22,true
P-038,HAI-20,true
P-038,MAR-1,true
P-038,MAR-6,true
P-038,MAR-2,true
P-038,MAR-3,true
P-038,MAR-5,true
P-038,MAR-15,true
P-038,MAR-14,true
P-038,MAR-10,true
P-038,MAR-22,true
P-038,MAR-20,true
P-038,MAR-21,true
P-038,HAI-16,false
P-038,HAI-3,false
P-038,HAI-9,false
P-038,MAR-7,false
P-038,MAR-13,false
P-038,MAR-16,false
P-039,USA-12,true
P-039,USA-2,true
P-039,USA-7,true
P-039,USA-6,true
P-039,USA-3,true
P-039,USA-19,true
P-039,USA-18,true
P-039,USA-10,true
P-039,USA-20,true
P-039,USA-22,true
P-039,USA-21,true
P-039,AUS-23,true
P-039,AUS-2,true
P-039,AUS-3,true
P-039,AUS-4,true
P-039,AUS-5,true
P-039,AUS-17,true
P-039,AUS-14,true
P-039,AUS-10,true
P-039,AUS-21,true
P-039,AUS-22,true
P-039,AUS-24,true
P-039,USA-4,false
P-039,USA-26,false
P-039,USA-11,false
P-039,USA-25,false
P-039,USA-17,false
P-039,AUS-20,false
P-039,AUS-19,false
P-039,AUS-6,false
P-039,AUS-16,false
P-039,AUS-9,false
P-040,PAR-1,true
P-040,PAR-7,true
P-040,PAR-2,true
P-040,PAR-4,true
P-040,PAR-3,true
P-040,PAR-14,true
P-040,PAR-10,true
P-040,PAR-15,true
P-040,PAR-22,true
P-040,PAR-24,true
P-040,PAR-20,true
P-040,TUR-12,true
P-040,TUR-4,true
P-040,TUR-9,true
P-040,TUR-6,true
P-040,TUR-7,true
P-040,TUR-11,true
P-040,TUR-16,true
P-040,TUR-10,true
P-040,TUR-20,true
P-040,TUR-21,true
P-040,TUR-22,true
P-040,PAR-16,false
P-040,PAR-8,false
P-040,PAR-26,false
P-040,TUR-26,false
P-040,TUR-24,false
P-040,TUR-13,false
P-040,TUR-15,false
P-041,GER-1,true
P-041,GER-3,true
P-041,GER-2,true
P-041,GER-9,true
P-041,GER-4,true
P-041,GER-10,true
P-041,GER-13,true
P-041,GER-17,true
P-041,GER-26,true
P-041,GER-20,true
P-041,GER-21,true
P-041,CIV-23,true
P-041,CIV-2,true
P-041,CIV-6,true
P-041,CIV-3,true
P-041,CIV-8,true
P-041,CIV-10,true
P-041,CIV-13,true
P-041,CIV-17,true
P-041,CIV-20,true
P-041,CIV-24,true
P-041,CIV-22,true
P-041,GER-22,false
P-041,GER-25,false
P-041,GER-11,false
P-041,GER-16,false
P-041,CIV-25,false
P-041,CIV-5,false
P-041,CIV-21,false
P-041,CIV-14,false
P-042,CUW-1,true
P-042,CUW-3,true
P-042,CUW-2,true
P-042,CUW-7,true
P-042,CUW-4,true
P-042,CUW-15,true
P-042,CUW-14,true
P-042,CUW-16,true
P-042,CUW-21,true
P-042,CUW-25,true
P-042,CUW-26,true
P-042,ECU-1,true
P-042,ECU-2,true
P-042,ECU-3,true
P-042,ECU-7,true
P-042,ECU-4,true
P-042,ECU-11,true
P-042,ECU-10,true
P-042,ECU-13,true
P-042,ECU-20,true
P-042,ECU-21,true
P-042,ECU-26,true
P-042,CUW-17,false
P-042,CUW-9,false
P-042,CUW-18,false
P-042,ECU-25,false
P-042,ECU-9,false
P-042,ECU-5,false
P-042,ECU-15,false
P-043,NED-12,true
P-043,NED-2,true
P-043,NED-4,true
P-043,NED-8,true
P-043,NED-5,true
P-043,NED-10,true
P-043,NED-15,true
P-043,NED-14,true
P-043,NED-25,true
P-043,NED-20,true
P-043,NED-22,true
P-043,SWE-1,true
P-043,SWE-3,true
P-043,SWE-7,true
P-043,SWE-2,true
P-043,SWE-4,true
P-043,SWE-17,true
P-043,SWE-15,true
P-043,SWE-10,true
P-043,SWE-24,true
P-043,SWE-22,true
P-043,SWE-20,true
P-043,NED-7,false
P-043,NED-19,false
P-043,NED-26,false
P-043,NED-17,false
P-043,NED-6,false
P-043,SWE-6,false
P-043,SWE-16,false
P-043,SWE-13,false
P-043,SWE-26,false
P-044,TUN-23,true
P-044,TUN-4,true
P-044,TUN-3,true
P-044,TUN-9,true
P-044,TUN-6,true
P-044,TUN-11,true
P-044,TUN-14,true
P-044,TUN-18,true
P-044,TUN-25,true
P-044,TUN-22,true
P-044,TUN-21,true
P-044,JPN-23,true
P-044,JPN-2,true
P-044,JPN-3,true
P-044,JPN-6,true
P-044,JPN-4,true
P-044,JPN-13,true
P-044,JPN-17,true
P-044,JPN-14,true
P-044,JPN-20,true
P-044,JPN-22,true
P-044,JPN-21,true
P-044,TUN-5,false
P-044,TUN-24,false
P-044,TUN-2,false
P-044,TUN-17,false
P-044,TUN-13,false
P-044,JPN-9,false
P-044,JPN-15,false
P-044,JPN-26,false
P-044,JPN-7,false
P-045,BEL-23,true
P-045,BEL-3,true
P-045,BEL-2,true
P-045,BEL-4,true
P-045,BEL-5,true
P-045,BEL-18,true
P-045,BEL-10,true
P-045,BEL-11,true
P-045,BEL-20,true
P-045,BEL-22,true
P-045,BEL-21,true
P-045,EGY-1,true
P-045,EGY-2,true
P-045,EGY-6,true
P-045,EGY-5,true
P-045,EGY-4,true
P-045,EGY-13,true
P-045,EGY-10,true
P-045,EGY-15,true
P-045,EGY-21,true
P-045,EGY-22,true
P-045,EGY-20,true
P-045,BEL-16,false
P-045,BEL-14,false
P-045,BEL-6,false
P-045,EGY-9,false
P-045,EGY-8,false
P-045,EGY-7,false
P-045,EGY-16,false
P-045,EGY-19,false
P-046,NZL-1,true
P-046,NZL-4,true
P-046,NZL-2,true
P-046,NZL-7,true
P-046,NZL-5,true
P-046,NZL-13,true
P-046,NZL-10,true
P-046,NZL-18,true
P-046,NZL-22,true
P-046,NZL-20,true
P-046,NZL-21,true
P-046,IRN-1,true
P-046,IRN-4,true
P-046,IRN-2,true
P-046,IRN-8,true
P-046,IRN-3,true
P-046,IRN-16,true
P-046,IRN-13,true
P-046,IRN-11,true
P-046,IRN-20,true
P-046,IRN-22,true
P-046,IRN-24,true
P-046,NZL-15,false
P-046,NZL-6,false
P-046,NZL-26,false
P-046,NZL-25,false
P-046,NZL-24,false
P-046,IRN-25,false
P-046,IRN-26,false
P-046,IRN-14,false
P-046,IRN-19,false
P-047,ESP-1,true
P-047,ESP-8,true
P-047,ESP-3,true
P-047,ESP-4,true
P-047,ESP-7,true
P-047,ESP-10,true
P-047,ESP-13,true
P-047,ESP-11,true
P-047,ESP-20,true
P-047,ESP-26,true
P-047,ESP-24,true
P-047,KSA-12,true
P-047,KSA-3,true
P-047,KSA-2,true
P-047,KSA-8,true
P-047,KSA-7,true
P-047,KSA-11,true
P-047,KSA-15,true
P-047,KSA-10,true
P-047,KSA-26,true
P-047,KSA-21,true
P-047,KSA-20,true
P-047,ESP-22,false
P-047,ESP-16,false
P-047,ESP-9,false
P-047,ESP-18,false
P-047,KSA-16,false
P-047,KSA-6,false
P-047,KSA-18,false
P-047,KSA-24,false
P-048,CPV-1,true
P-048,CPV-2,true
P-048,CPV-9,true
P-048,CPV-3,true
P-048,CPV-4,true
P-048,CPV-13,true
P-048,CPV-15,true
P-048,CPV-14,true
P-048,CPV-21,true
P-048,CPV-20,true
P-048,CPV-26,true
P-048,URU-12,true
P-048,URU-3,true
P-048,URU-6,true
P-048,URU-2,true
P-048,URU-7,true
P-048,URU-11,true
P-048,URU-13,true
P-048,URU-10,true
P-048,URU-20,true
P-048,URU-21,true
P-048,URU-25,true
P-048,CPV-6,false
P-048,CPV-7,false
P-048,CPV-17,false
P-048,URU-8,false
P-048,URU-19,false
P-048,URU-9,false
P-049,FRA-23,true
P-049,FRA-4,true
P-049,FRA-2,true
P-049,FRA-3,true
P-049,FRA-5,true
P-049,FRA-10,true
P-049,FRA-18,true
P-049,FRA-11,true
P-049,FRA-20,true
P-049,FRA-22,true
P-049,FRA-21,true
P-049,NOR-1,true
P-049,NOR-3,true
P-049,NOR-4,true
P-049,NOR-6,true
P-049,NOR-8,true
P-049,NOR-16,true
P-049,NOR-19,true
P-049,NOR-10,true
P-049,NOR-22,true
P-049,NOR-26,true
P-049,NOR-21,true
P-049,FRA-9,false
P-049,FRA-8,false
P-049,FRA-17,false
P-049,FRA-26,false
P-049,NOR-5,false
P-049,NOR-2,false
P-049,NOR-18,false
P-049,NOR-15,false
P-050,IRQ-23,true
P-050,IRQ-6,true
P-050,IRQ-2,true
P-050,IRQ-3,true
P-050,IRQ-4,true
P-050,IRQ-11,true
P-050,IRQ-15,true
P-050,IRQ-14,true
P-050,IRQ-22,true
P-050,IRQ-21,true
P-050,IRQ-20,true
P-050,SEN-1,true
P-050,SEN-6,true
P-050,SEN-5,true
P-050,SEN-7,true
P-050,SEN-2,true
P-050,SEN-10,true
P-050,SEN-16,true
P-050,SEN-13,true
P-050,SEN-22,true
P-050,SEN-24,true
P-050,SEN-20,true
P-050,IRQ-9,false
P-050,IRQ-7,false
P-050,IRQ-10,false
P-050,SEN-14,false
P-050,SEN-17,false
P-050,SEN-8,false
P-051,ARG-1,true
P-051,ARG-9,true
P-051,ARG-5,true
P-051,ARG-8,true
P-051,ARG-2,true
P-051,ARG-11,true
P-051,ARG-13,true
P-051,ARG-19,true
P-051,ARG-22,true
P-051,ARG-20,true
P-051,ARG-25,true
P-051,ALG-12,true
P-051,ALG-8,true
P-051,ALG-6,true
P-051,ALG-2,true
P-051,ALG-9,true
P-051,ALG-13,true
P-051,ALG-18,true
P-051,ALG-10,true
P-051,ALG-21,true
P-051,ALG-22,true
P-051,ALG-20,true
P-051,ARG-7,false
P-051,ARG-4,false
P-051,ARG-24,false
P-051,ALG-19,false
P-051,ALG-25,false
P-051,ALG-3,false
P-051,ALG-14,false
P-051,ALG-7,false
P-052,JOR-1,true
P-052,JOR-3,true
P-052,JOR-2,true
P-052,JOR-4,true
P-052,JOR-9,true
P-052,JOR-10,true
P-052,JOR-13,true
P-052,JOR-11,true
P-052,JOR-20,true
P-052,JOR-21,true
P-052,JOR-22,true
P-052,AUT-1,true
P-052,AUT-7,true
P-052,AUT-2,true
P-052,AUT-6,true
P-052,AUT-4,true
P-052,AUT-15,true
P-052,AUT-17,true
P-052,AUT-10,true
P-052,AUT-21,true
P-052,AUT-20,true
P-052,AUT-22,true
P-052,JOR-26,false
P-052,JOR-19,false
P-052,JOR-17,false
P-052,JOR-6,false
P-052,JOR-24,false
P-052,AUT-16,false
P-052,AUT-9,false
P-052,AUT-18,false
P-053,POR-23,true
P-053,POR-2,true
P-053,POR-3,true
P-053,POR-5,true
P-053,POR-6,true
P-053,POR-10,true
P-053,POR-13,true
P-053,POR-11,true
P-053,POR-21,true
P-053,POR-20,true
P-053,POR-25,true
P-053,UZB-12,true
P-053,UZB-2,true
P-053,UZB-4,true
P-053,UZB-6,true
P-053,UZB-3,true
P-053,UZB-16,true
P-053,UZB-13,true
P-053,UZB-17,true
P-053,UZB-20,true
P-053,UZB-24,true
P-053,UZB-21,true
P-053,POR-19,false
P-053,POR-24,false
P-053,POR-8,false
P-053,POR-7,false
P-053,POR-16,false
P-053,UZB-14,false
P-053,UZB-18,false
P-053,UZB-9,false
P-053,UZB-19,false
P-053,UZB-15,false
P-054,COD-1,true
P-054,COD-3,true
P-054,COD-4,true
P-054,COD-7,true
P-054,COD-9,true
P-054,COD-14,true
P-054,COD-18,true
P-054,COD-10,true
P-054,COD-21,true
P-054,COD-22,true
P-054,COD-20,true
P-054,COL-1,true
P-054,COL-7,true
P-054,COL-6,true
P-054,COL-2,true
P-054,COL-8,true
P-054,COL-17,true
P-054,COL-14,true
P-054,COL-15,true
P-054,COL-20,true
P-054,COL-21,true
P-054,COL-22,true
P-054,COD-19,false
P-054,COD-17,false
P-054,COD-5,false
P-054,COD-16,false
P-054,COD-26,false
P-054,COL-9,false
P-054,COL-25,false
P-054,COL-11,false
P-054,COL-18,false
P-054,COL-4,false
P-055,ENG-1,true
P-055,ENG-2,true
P-055,ENG-3,true
P-055,ENG-6,true
P-055,ENG-4,true
P-055,ENG-10,true
P-055,ENG-15,true
P-055,ENG-11,true
P-055,ENG-20,true
P-055,ENG-21,true
P-055,ENG-22,true
P-055,PAN-12,true
P-055,PAN-2,true
P-055,PAN-5,true
P-055,PAN-3,true
P-055,PAN-6,true
P-055,PAN-14,true
P-055,PAN-15,true
P-055,PAN-10,true
P-055,PAN-22,true
P-055,PAN-20,true
P-055,PAN-21,true
P-055,ENG-8,false
P-055,ENG-13,false
P-055,ENG-14,false
P-055,ENG-7,false
P-055,ENG-19,false
P-055,PAN-11,false
P-055,PAN-18,false
P-055,PAN-19,false
P-055,PAN-26,false
P-055,PAN-24,false
P-056,GHA-12,true
P-056,GHA-2,true
P-056,GHA-4,true
P-056,GHA-5,true
P-056,GHA-9,true
P-056,GHA-11,true
P-056,GHA-10,true
P-056,GHA-19,true
P-056,GHA-26,true
P-056,GHA-20,true
P-056,GHA-24,true
P-056,CRO-1,true
P-056,CRO-5,true
P-056,CRO-4,true
P-056,CRO-3,true
P-056,CRO-2,true
P-056,CRO-18,true
P-056,CRO-17,true
P-056,CRO-11,true
P-056,CRO-20,true
P-056,CRO-21,true
P-056,CRO-22,true
P-056,GHA-8,false
P-056,GHA-7,false
P-056,GHA-14,false
P-056,GHA-17,false
P-056,GHA-6,false
P-056,CRO-24,false
P-056,CRO-10,false
P-056,CRO-6,false
P-057,ITA-1,true
P-057,ITA-5,true
P-057,ITA-6,true
P-057,ITA-7,true
P-057,ITA-2,true
P-057,ITA-14,true
P-057,ITA-13,true
P-057,ITA-15,true
P-057,ITA-26,true
P-057,ITA-20,true
P-057,ITA-22,true
P-057,NGA-23,true
P-057,NGA-9,true
P-057,NGA-6,true
P-057,NGA-3,true
P-057,NGA-8,true
P-057,NGA-13,true
P-057,NGA-14,true
P-057,NGA-15,true
P-057,NGA-21,true
P-057,NGA-24,true
P-057,NGA-26,true
P-057,ITA-17,false
P-057,ITA-9,false
P-057,ITA-21,false
P-057,NGA-25,false
P-057,NGA-19,false
P-057,NGA-2,false
P-057,NGA-7,false
P-058,CHN-12,true
P-058,CHN-7,true
P-058,CHN-9,true
P-058,CHN-2,true
P-058,CHN-5,true
P-058,CHN-10,true
P-058,CHN-16,true
P-058,CHN-15,true
P-058,CHN-22,true
P-058,CHN-21,true
P-058,CHN-20,true
P-058,CHI-1,true
P-058,CHI-5,true
P-058,CHI-9,true
P-058,CHI-2,true
P-058,CHI-4,true
P-058,CHI-10,true
P-058,CHI-16,true
P-058,CHI-13,true
P-058,CHI-20,true
P-058,CHI-24,true
P-058,CHI-22,true
P-058,CHN-18,false
P-058,CHN-24,false
P-058,CHN-3,false
P-058,CHN-11,false
P-058,CHI-19,false
P-058,CHI-17,false
P-058,CHI-6,false
P-058,CHI-7,false
P-059,DEN-1,true
P-059,DEN-5,true
P-059,DEN-3,true
P-059,DEN-6,true
P-059,DEN-2,true
P-059,DEN-11,true
P-059,DEN-14,true
P-059,DEN-13,true
P-059,DEN-25,true
P-059,DEN-26,true
P-059,DEN-22,true
P-059,PER-1,true
P-059,PER-3,true
P-059,PER-2,true
P-059,PER-7,true
P-059,PER-4,true
P-059,PER-10,true
P-059,PER-11,true
P-059,PER-13,true
P-059,PER-20,true
P-059,PER-21,true
P-059,PER-25,true
P-059,DEN-18,false
P-059,DEN-4,false
P-059,DEN-10,false
P-059,DEN-17,false
P-059,PER-24,false
P-059,PER-16,false
P-059,PER-17,false
P-060,CMR-12,true
P-060,CMR-3,true
P-060,CMR-8,true
P-060,CMR-2,true
P-060,CMR-5,true
P-060,CMR-13,true
P-060,CMR-19,true
P-060,CMR-10,true
P-060,CMR-20,true
P-060,CMR-21,true
P-060,CMR-26,true
P-060,WAL-1,true
P-060,WAL-4,true
P-060,WAL-3,true
P-060,WAL-2,true
P-060,WAL-7,true
P-060,WAL-16,true
P-060,WAL-13,true
P-060,WAL-17,true
P-060,WAL-25,true
P-060,WAL-20,true
P-060,WAL-24,true
P-060,CMR-4,false
P-060,CMR-17,false
P-060,CMR-15,false
P-060,WAL-14,false
P-060,WAL-22,false
P-060,WAL-8,false
P-061,POL-12,true
P-061,POL-6,true
P-061,POL-7,true
P-061,POL-4,true
P-061,POL-3,true
P-061,POL-11,true
P-061,POL-14,true
P-061,POL-13,true
P-061,POL-22,true
P-061,POL-24,true
P-061,POL-20,true
P-061,CRC-12,true
P-061,CRC-5,true
P-061,CRC-4,true
P-061,CRC-2,true
P-061,CRC-3,true
P-061,CRC-10,true
P-061,CRC-16,true
P-061,CRC-17,true
P-061,CRC-21,true
P-061,CRC-22,true
P-061,CRC-24,true
P-061,POL-21,false
P-061,POL-5,false
P-061,POL-15,false
P-061,POL-10,false
P-061,POL-16,false
P-061,CRC-7,false
P-061,CRC-13,false
P-061,CRC-18,false
P-061,CRC-26,false
P-061,CRC-14,false
P-062,MLI-1,true
P-062,MLI-8,true
P-062,MLI-2,true
P-062,MLI-5,true
P-062,MLI-6,true
P-062,MLI-13,true
P-062,MLI-11,true
P-062,MLI-14,true
P-062,MLI-22,true
P-062,MLI-21,true
P-062,MLI-20,true
P-062,VEN-23,true
P-062,VEN-4,true
P-062,VEN-6,true
P-062,VEN-7,true
P-062,VEN-9,true
P-062,VEN-15,true
P-062,VEN-14,true
P-062,VEN-11,true
P-062,VEN-20,true
P-062,VEN-24,true
P-062,VEN-21,true
P-062,MLI-25,false
P-062,MLI-16,false
P-062,MLI-4,false
P-062,MLI-19,false
P-062,MLI-17,false
P-062,VEN-16,false
P-062,VEN-10,false
P-062,VEN-5,false
P-062,VEN-8,false
P-063,UKR-12,true
P-063,UKR-3,true
P-063,UKR-7,true
P-063,UKR-4,true
P-063,UKR-5,true
P-063,UKR-10,true
P-063,UKR-18,true
P-063,UKR-13,true
P-063,UKR-25,true
P-063,UKR-24,true
P-063,UKR-20,true
P-063,OMA-23,true
P-063,OMA-4,true
P-063,OMA-2,true
P-063,OMA-3,true
P-063,OMA-5,true
P-063,OMA-14,true
P-063,OMA-13,true
P-063,OMA-10,true
P-063,OMA-20,true
P-063,OMA-21,true
P-063,OMA-22,true
P-063,UKR-2,false
P-063,UKR-6,false
P-063,UKR-9,false
P-063,OMA-7,false
P-063,OMA-18,false
P-063,OMA-17,false
P-064,NCL-12,true
P-064,NCL-5,true
P-064,NCL-8,true
P-064,NCL-6,true
P-064,NCL-3,true
P-064,NCL-18,true
P-064,NCL-10,true
P-064,NCL-13,true
P-064,NCL-21,true
P-064,NCL-22,true
P-064,NCL-24,true
P-064,SRB-1,true
P-064,SRB-2,true
P-064,SRB-3,true
P-064,SRB-8,true
P-064,SRB-7,true
P-064,SRB-14,true
P-064,SRB-10,true
P-064,SRB-11,true
P-064,SRB-20,true
P-064,SRB-21,true
P-064,SRB-22,true
P-064,NCL-4,false
P-064,NCL-17,false
P-064,NCL-9,false
P-064,SRB-5,false
P-064,SRB-19,false
P-064,SRB-4,false
P-065,MEX-23,true
P-065,MEX-5,true
P-065,MEX-2,true
P-065,MEX-8,true
P-065,MEX-9,true
P-065,MEX-10,true
P-065,MEX-16,true
P-065,MEX-13,true
P-065,MEX-25,true
P-065,MEX-20,true
P-065,MEX-21,true
P-065,KOR-12,true
P-065,KOR-6,true
P-065,KOR-5,true
P-065,KOR-3,true
P-065,KOR-9,true
P-065,KOR-11,true
P-065,KOR-14,true
P-065,KOR-10,true
P-065,KOR-22,true
P-065,KOR-21,true
P-065,KOR-25,true
P-065,MEX-15,false
P-065,MEX-14,false
P-065,MEX-11,false
P-065,MEX-26,false
P-065,KOR-15,false
P-065,KOR-19,false
P-065,KOR-8,false
P-065,KOR-26,false
P-065,KOR-16,false
P-066,RSA-12,true
P-066,RSA-2,true
P-066,RSA-4,true
P-066,RSA-6,true
P-066,RSA-3,true
P-066,RSA-10,true
P-066,RSA-19,true
P-066,RSA-15,true
P-066,RSA-20,true
P-066,RSA-22,true
P-066,RSA-25,true
P-066,CZE-12,true
P-066,CZE-3,true
P-066,CZE-4,true
P-066,CZE-7,true
P-066,CZE-5,true
P-066,CZE-15,true
P-066,CZE-10,true
P-066,CZE-17,true
P-066,CZE-26,true
P-066,CZE-22,true
P-066,CZE-24,true
P-066,RSA-5,false
P-066,RSA-14,false
P-066,RSA-13,false
P-066,CZE-11,false
P-066,CZE-2,false
P-066,CZE-25,false
P-066,CZE-19,false
P-066,CZE-21,false
P-067,SUI-23,true
P-067,SUI-5,true
P-067,SUI-6,true
P-067,SUI-3,true
P-067,SUI-2,true
P-067,SUI-11,true
P-067,SUI-15,true
P-067,SUI-10,true
P-067,SUI-21,true
P-067,SUI-20,true
P-067,SUI-22,true
P-067,CAN-1,true
P-067,CAN-2,true
P-067,CAN-3,true
P-067,CAN-4,true
P-067,CAN-8,true
P-067,CAN-10,true
P-067,CAN-19,true
P-067,CAN-11,true
P-067,CAN-24,true
P-067,CAN-26,true
P-067,CAN-21,true
P-067,SUI-26,false
P-067,SUI-8,false
P-067,SUI-18,false
P-067,CAN-5,false
P-067,CAN-18,false
P-067,CAN-22,false
P-067,CAN-9,false
P-067,CAN-6,false
P-068,QAT-1,true
P-068,QAT-8,true
P-068,QAT-2,true
P-068,QAT-3,true
P-068,QAT-4,true
P-068,QAT-11,true
P-068,QAT-10,true
P-068,QAT-13,true
P-068,QAT-22,true
P-068,QAT-21,true
P-068,QAT-25,true
P-068,BIH-1,true
P-068,BIH-3,true
P-068,BIH-4,true
P-068,BIH-5,true
P-068,BIH-2,true
P-068,BIH-16,true
P-068,BIH-15,true
P-068,BIH-10,true
P-068,BIH-26,true
P-068,BIH-21,true
P-068,BIH-20,true
P-068,QAT-26,false
P-068,QAT-9,false
P-068,QAT-18,false
P-068,QAT-19,false
P-068,BIH-8,false
P-068,BIH-25,false
P-068,BIH-9,false
P-068,BIH-19,false
P-068,BIH-22,false
P-069,BRA-1,true
P-069,BRA-2,true
P-069,BRA-3,true
P-069,BRA-4,true
P-069,BRA-5,true
P-069,BRA-17,true
P-069,BRA-10,true
P-069,BRA-13,true
P-069,BRA-25,true
P-069,BRA-20,true
P-069,BRA-26,true
P-069,MAR-23,true
P-069,MAR-2,true
P-069,MAR-3,true
P-069,MAR-5,true
P-069,MAR-7,true
P-069,MAR-11,true
P-069,MAR-10,true
P-069,MAR-14,true
P-069,MAR-22,true
P-069,MAR-20,true
P-069,MAR-21,true
P-069,BRA-6,false
P-069,BRA-19,false
P-069,BRA-16,false
P-069,BRA-22,false
P-069,MAR-24,false
P-069,MAR-16,false
P-069,MAR-8,false
P-070,SCO-12,true
P-070,SCO-2,true
P-070,SCO-3,true
P-070,SCO-4,true
P-070,SCO-5,true
P-070,SCO-14,true
P-070,SCO-10,true
P-070,SCO-16,true
P-070,SCO-20,true
P-070,SCO-21,true
P-070,SCO-22,true
P-070,HAI-12,true
P-070,HAI-6,true
P-070,HAI-2,true
P-070,HAI-8,true
P-070,HAI-4,true
P-070,HAI-11,true
P-070,HAI-13,true
P-070,HAI-10,true
P-070,HAI-20,true
P-070,HAI-22,true
P-070,HAI-24,true
P-070,SCO-25,false
P-070,SCO-24,false
P-070,SCO-7,false
P-070,SCO-8,false
P-070,SCO-26,false
P-070,HAI-5,false
P-070,HAI-9,false
P-070,HAI-18,false
P-071,USA-1,true
P-071,USA-2,true
P-071,USA-3,true
P-071,USA-4,true
P-071,USA-5,true
P-071,USA-13,true
P-071,USA-11,true
P-071,USA-14,true
P-071,USA-20,true
P-071,USA-21,true
P-071,USA-25,true
P-071,TUR-12,true
P-071,TUR-7,true
P-071,TUR-2,true
P-071,TUR-5,true
P-071,TUR-8,true
P-071,TUR-16,true
P-071,TUR-10,true
P-071,TUR-18,true
P-071,TUR-22,true
P-071,TUR-20,true
P-071,TUR-24,true
P-071,USA-26,false
P-071,USA-8,false
P-071,USA-17,false
P-071,USA-10,false
P-071,TUR-3,false
P-071,TUR-21,false
P-071,TUR-15,false
P-072,AUS-1,true
P-072,AUS-6,true
P-072,AUS-4,true
P-072,AUS-8,true
P-072,AUS-2,true
P-072,AUS-10,true
P-072,AUS-11,true
P-072,AUS-13,true
P-072,AUS-20,true
P-072,AUS-21,true
P-072,AUS-24,true
P-072,PAR-1,true
P-072,PAR-3,true
P-072,PAR-4,true
P-072,PAR-8,true
P-072,PAR-6,true
P-072,PAR-15,true
P-072,PAR-11,true
P-072,PAR-14,true
P-072,PAR-26,true
P-072,PAR-21,true
P-072,PAR-22,true
P-072,AUS-14,false
P-072,AUS-25,false
P-072,AUS-7,false
P-072,PAR-7,false
P-072,PAR-25,false
P-072,PAR-20,false
P-073,GER-1,true
P-073,GER-4,true
P-073,GER-2,true
P-073,GER-9,true
P-073,GER-3,true
P-073,GER-15,true
P-073,GER-11,true
P-073,GER-17,true
P-073,GER-22,true
P-073,GER-24,true
P-073,GER-20,true
P-073,ECU-1,true
P-073,ECU-5,true
P-073,ECU-3,true
P-073,ECU-4,true
P-073,ECU-6,true
P-073,ECU-11,true
P-073,ECU-13,true
P-073,ECU-19,true
P-073,ECU-20,true
P-073,ECU-21,true
P-073,ECU-22,true
P-073,GER-21,false
P-073,GER-25,false
P-073,GER-8,false
P-073,ECU-15,false
P-073,ECU-2,false
P-073,ECU-14,false
P-073,ECU-7,false
P-074,CIV-23,true
P-074,CIV-2,true
P-074,CIV-3,true
P-074,CIV-4,true
P-074,CIV-5,true
P-074,CIV-11,true
P-074,CIV-14,true
P-074,CIV-16,true
P-074,CIV-20,true
P-074,CIV-21,true
P-074,CIV-22,true
P-074,CUW-23,true
P-074,CUW-9,true
P-074,CUW-2,true
P-074,CUW-3,true
P-074,CUW-6,true
P-074,CUW-11,true
P-074,CUW-18,true
P-074,CUW-13,true
P-074,CUW-26,true
P-074,CUW-20,true
P-074,CUW-21,true
P-074,CIV-18,false
P-074,CIV-8,false
P-074,CIV-24,false
P-074,CIV-6,false
P-074,CIV-7,false
P-074,CUW-14,false
P-074,CUW-19,false
P-074,CUW-4,false
P-074,CUW-17,false
P-075,NED-1,true
P-075,NED-3,true
P-075,NED-2,true
P-075,NED-7,true
P-075,NED-5,true
P-075,NED-11,true
P-075,NED-15,true
P-075,NED-10,true
P-075,NED-25,true
P-075,NED-20,true
P-075,NED-24,true
P-075,JPN-23,true
P-075,JPN-4,true
P-075,JPN-2,true
P-075,JPN-9,true
P-075,JPN-3,true
P-075,JPN-10,true
P-075,JPN-14,true
P-075,JPN-13,true
P-075,JPN-20,true
P-075,JPN-22,true
P-075,JPN-24,true
P-075,NED-26,false
P-075,NED-19,false
P-075,NED-9,false
P-075,JPN-25,false
P-075,JPN-17,false
P-075,JPN-5,false
P-075,JPN-8,false
P-076,SWE-23,true
P-076,SWE-5,true
P-076,SWE-3,true
P-076,SWE-2,true
P-076,SWE-6,true
P-076,SWE-15,true
P-076,SWE-16,true
P-076,SWE-10,true
P-076,SWE-20,true
P-076,SWE-24,true
P-076,SWE-21,true
P-076,TUN-12,true
P-076,TUN-3,true
P-076,TUN-4,true
P-076,TUN-2,true
P-076,TUN-5,true
P-076,TUN-18,true
P-076,TUN-11,true
P-076,TUN-10,true
P-076,TUN-20,true
P-076,TUN-25,true
P-076,TUN-21,true
P-076,SWE-8,false
P-076,SWE-17,false
P-076,SWE-7,false
P-076,TUN-8,false
P-076,TUN-15,false
P-076,TUN-6,false
P-077,BEL-12,true
P-077,BEL-8,true
P-077,BEL-3,true
P-077,BEL-2,true
P-077,BEL-4,true
P-077,BEL-18,true
P-077,BEL-13,true
P-077,BEL-14,true
P-077,BEL-24,true
P-077,BEL-20,true
P-077,BEL-25,true
P-077,IRN-1,true
P-077,IRN-4,true
P-077,IRN-3,true
P-077,IRN-6,true
P-077,IRN-2,true
P-077,IRN-13,true
P-077,IRN-19,true
P-077,IRN-10,true
P-077,IRN-20,true
P-077,IRN-21,true
P-077,IRN-22,true
P-077,BEL-21,false
P-077,BEL-11,false
P-077,BEL-16,false
P-077,BEL-22,false
P-077,BEL-6,false
P-077,IRN-26,false
P-077,IRN-9,false
P-077,IRN-8,false
P-077,IRN-16,false
P-078,EGY-12,true
P-078,EGY-2,true
P-078,EGY-9,true
P-078,EGY-6,true
P-078,EGY-3,true
P-078,EGY-18,true
P-078,EGY-17,true
P-078,EGY-11,true
P-078,EGY-21,true
P-078,EGY-20,true
P-078,EGY-24,true
P-078,NZL-1,true
P-078,NZL-3,true
P-078,NZL-2,true
P-078,NZL-6,true
P-078,NZL-4,true
P-078,NZL-11,true
P-078,NZL-13,true
P-078,NZL-15,true
P-078,NZL-22,true
P-078,NZL-25,true
P-078,NZL-21,true
P-078,EGY-5,false
P-078,EGY-14,false
P-078,EGY-7,false
P-078,EGY-19,false
P-078,EGY-26,false
P-078,NZL-14,false
P-078,NZL-9,false
P-078,NZL-24,false
P-078,NZL-7,false
P-079,ESP-12,true
P-079,ESP-2,true
P-079,ESP-3,true
P-079,ESP-8,true
P-079,ESP-4,true
P-079,ESP-10,true
P-079,ESP-14,true
P-079,ESP-11,true
P-079,ESP-20,true
P-079,ESP-22,true
P-079,ESP-26,true
P-079,URU-23,true
P-079,URU-3,true
P-079,URU-5,true
P-079,URU-2,true
P-079,URU-6,true
P-079,URU-11,true
P-079,URU-15,true
P-079,URU-10,true
P-079,URU-20,true
P-079,URU-22,true
P-079,URU-24,true
P-079,ESP-24,false
P-079,ESP-6,false
P-079,ESP-18,false
P-079,ESP-25,false
P-079,URU-8,false
P-079,URU-9,false
P-079,URU-19,false
P-080,KSA-1,true
P-080,KSA-4,true
P-080,KSA-5,true
P-080,KSA-2,true
P-080,KSA-6,true
P-080,KSA-10,true
P-080,KSA-11,true
P-080,KSA-19,true
P-080,KSA-20,true
P-080,KSA-21,true
P-080,KSA-24,true
P-080,CPV-1,true
P-080,CPV-4,true
P-080,CPV-2,true
P-080,CPV-5,true
P-080,CPV-6,true
P-080,CPV-18,true
P-080,CPV-10,true
P-080,CPV-11,true
P-080,CPV-21,true
P-080,CPV-20,true
P-080,CPV-24,true
P-080,KSA-7,false
P-080,KSA-15,false
P-080,KSA-8,false
P-080,KSA-14,false
P-080,KSA-16,false
P-080,CPV-17,false
P-080,CPV-15,false
P-080,CPV-8,false
P-080,CPV-16,false
P-081,FRA-23,true
P-081,FRA-4,true
P-081,FRA-3,true
P-081,FRA-2,true
P-081,FRA-5,true
P-081,FRA-18,true
P-081,FRA-14,true
P-081,FRA-10,true
P-081,FRA-20,true
P-081,FRA-25,true
P-081,FRA-21,true
P-081,SEN-1,true
P-081,SEN-2,true
P-081,SEN-3,true
P-081,SEN-4,true
P-081,SEN-6,true
P-081,SEN-10,true
P-081,SEN-11,true
P-081,SEN-13,true
P-081,SEN-20,true
P-081,SEN-25,true
P-081,SEN-24,true
P-081,FRA-9,false
P-081,FRA-8,false
P-081,FRA-22,false
P-081,FRA-17,false
P-081,SEN-8,false
P-081,SEN-26,false
P-081,SEN-9,false
P-081,SEN-5,false
P-081,SEN-16,false
P-082,NOR-1,true
P-082,NOR-9,true
P-082,NOR-4,true
P-082,NOR-3,true
P-082,NOR-6,true
P-082,NOR-13,true
P-082,NOR-19,true
P-082,NOR-11,true
P-082,NOR-21,true
P-082,NOR-22,true
P-082,NOR-20,true
P-082,IRQ-12,true
P-082,IRQ-9,true
P-082,IRQ-2,true
P-082,IRQ-6,true
P-082,IRQ-8,true
P-082,IRQ-11,true
P-082,IRQ-13,true
P-082,IRQ-19,true
P-082,IRQ-21,true
P-082,IRQ-24,true
P-082,IRQ-22,true
P-082,NOR-16,false
P-082,NOR-7,false
P-082,NOR-10,false
P-082,NOR-17,false
P-082,NOR-8,false
P-082,IRQ-17,false
P-082,IRQ-25,false
P-082,IRQ-15,false
P-082,IRQ-26,false
P-082,IRQ-20,false
P-083,ARG-1,true
P-083,ARG-7,true
P-083,ARG-2,true
P-083,ARG-8,true
P-083,ARG-4,true
P-083,ARG-10,true
P-083,ARG-11,true
P-083,ARG-13,true
P-083,ARG-20,true
P-083,ARG-25,true
P-083,ARG-21,true
P-083,AUT-1,true
P-083,AUT-4,true
P-083,AUT-8,true
P-083,AUT-2,true
P-083,AUT-3,true
P-083,AUT-10,true
P-083,AUT-15,true
P-083,AUT-11,true
P-083,AUT-22,true
P-083,AUT-25,true
P-083,AUT-24,true
P-083,ARG-6,false
P-083,ARG-5,false
P-083,ARG-19,false
P-083,ARG-14,false
P-083,ARG-18,false
P-083,AUT-6,false
P-083,AUT-19,false
P-083,AUT-9,false
P-083,AUT-18,false
P-084,ALG-12,true
P-084,ALG-2,true
P-084,ALG-5,true
P-084,ALG-8,true
P-084,ALG-9,true
P-084,ALG-19,true
P-084,ALG-11,true
P-084,ALG-10,true
P-084,ALG-22,true
P-084,ALG-25,true
P-084,ALG-21,true
P-084,JOR-12,true
P-084,JOR-7,true
P-084,JOR-2,true
P-084,JOR-5,true
P-084,JOR-4,true
P-084,JOR-11,true
P-084,JOR-18,true
P-084,JOR-14,true
P-084,JOR-21,true
P-084,JOR-22,true
P-084,JOR-24,true
P-084,ALG-3,false
P-084,ALG-4,false
P-084,ALG-16,false
P-084,ALG-26,false
P-084,JOR-25,false
P-084,JOR-17,false
P-084,JOR-8,false
P-085,POR-1,true
P-085,POR-4,true
P-085,POR-6,true
P-085,POR-2,true
P-085,POR-7,true
P-085,POR-10,true
P-085,POR-11,true
P-085,POR-14,true
P-085,POR-22,true
P-085,POR-20,true
P-085,POR-25,true
P-085,COL-23,true
P-085,COL-6,true
P-085,COL-2,true
P-085,COL-3,true
P-085,COL-5,true
P-085,COL-10,true
P-085,COL-15,true
P-085,COL-11,true
P-085,COL-24,true
P-085,COL-20,true
P-085,COL-21,true
P-085,POR-26,false
P-085,POR-17,false
P-085,POR-13,false
P-085,POR-15,false
P-085,POR-8,false
P-085,COL-9,false
P-085,COL-18,false
P-085,COL-14,false
P-086,UZB-12,true
P-086,UZB-2,true
P-086,UZB-4,true
P-086,UZB-3,true
P-086,UZB-8,true
P-086,UZB-10,true
P-086,UZB-14,true
P-086,UZB-11,true
P-086,UZB-20,true
P-086,UZB-21,true
P-086,UZB-24,true
P-086,COD-23,true
P-086,COD-2,true
P-086,COD-4,true
P-086,COD-7,true
P-086,COD-8,true
P-086,COD-14,true
P-086,COD-10,true
P-086,COD-15,true
P-086,COD-25,true
P-086,COD-22,true
P-086,COD-21,true
P-086,UZB-26,false
P-086,UZB-5,false
P-086,UZB-15,false
P-086,UZB-17,false
P-086,UZB-16,false
P-086,COD-5,false
P-086,COD-17,false
P-086,COD-26,false
P-087,ENG-1,true
P-087,ENG-5,true
P-087,ENG-2,true
P-087,ENG-8,true
P-087,ENG-3,true
P-087,ENG-11,true
P-087,ENG-17,true
P-087,ENG-10,true
P-087,ENG-20,true
P-087,ENG-24,true
P-087,ENG-25,true
P-087,CRO-23,true
P-087,CRO-6,true
P-087,CRO-2,true
P-087,CRO-4,true
P-087,CRO-5,true
P-087,CRO-15,true
P-087,CRO-11,true
P-087,CRO-10,true
P-087,CRO-20,true
P-087,CRO-21,true
P-087,CRO-25,true
P-087,ENG-21,false
P-087,ENG-7,false
P-087,ENG-22,false
P-087,CRO-26,false
P-087,CRO-19,false
P-087,CRO-8,false
P-088,PAN-1,true
P-088,PAN-6,true
P-088,PAN-4,true
P-088,PAN-2,true
P-088,PAN-3,true
P-088,PAN-10,true
P-088,PAN-15,true
P-088,PAN-16,true
P-088,PAN-20,true
P-088,PAN-22,true
P-088,PAN-21,true
P-088,GHA-23,true
P-088,GHA-3,true
P-088,GHA-6,true
P-088,GHA-5,true
P-088,GHA-2,true
P-088,GHA-13,true
P-088,GHA-10,true
P-088,GHA-11,true
P-088,GHA-20,true
P-088,GHA-21,true
P-088,GHA-22,true
P-088,PAN-11,false
P-088,PAN-24,false
P-088,PAN-14,false
P-088,PAN-26,false
P-088,GHA-7,false
P-088,GHA-16,false
P-088,GHA-8,false
P-088,GHA-14,false
P-089,ITA-1,true
P-089,ITA-5,true
P-089,ITA-4,true
P-089,ITA-2,true
P-089,ITA-3,true
P-089,ITA-17,true
P-089,ITA-10,true
P-089,ITA-13,true
P-089,ITA-20,true
P-089,ITA-22,true
P-089,ITA-21,true
P-089,CHI-23,true
P-089,CHI-6,true
P-089,CHI-4,true
P-089,CHI-2,true
P-089,CHI-5,true
P-089,CHI-11,true
P-089,CHI-10,true
P-089,CHI-13,true
P-089,CHI-22,true
P-089,CHI-21,true
P-089,CHI-20,true
P-089,ITA-9,false
P-089,ITA-19,false
P-089,ITA-16,false
P-089,ITA-18,false
P-089,ITA-15,false
P-089,CHI-17,false
P-089,CHI-19,false
P-089,CHI-7,false
P-089,CHI-3,false
P-089,CHI-25,false
P-090,NGA-1,true
P-090,NGA-2,true
P-090,NGA-6,true
P-090,NGA-3,true
P-090,NGA-4,true
P-090,NGA-16,true
P-090,NGA-14,true
P-090,NGA-10,true
P-090,NGA-22,true
P-090,NGA-20,true
P-090,NGA-24,true
P-090,CHN-1,true
P-090,CHN-2,true
P-090,CHN-8,true
P-090,CHN-9,true
P-090,CHN-3,true
P-090,CHN-11,true
P-090,CHN-10,true
P-090,CHN-15,true
P-090,CHN-22,true
P-090,CHN-20,true
P-090,CHN-21,true
P-090,NGA-18,false
P-090,NGA-11,false
P-090,NGA-17,false
P-090,NGA-7,false
P-090,CHN-19,false
P-090,CHN-25,false
P-090,CHN-7,false
P-090,CHN-5,false
P-090,CHN-14,false
P-091,DEN-12,true
P-091,DEN-2,true
P-091,DEN-3,true
P-091,DEN-6,true
P-091,DEN-8,true
P-091,DEN-19,true
P-091,DEN-10,true
P-091,DEN-11,true
P-091,DEN-20,true
P-091,DEN-21,true
P-091,DEN-22,true
P-091,WAL-23,true
P-091,WAL-2,true
P-091,WAL-4,true
P-091,WAL-8,true
P-091,WAL-3,true
P-091,WAL-11,true
P-091,WAL-15,true
P-091,WAL-16,true
P-091,WAL-26,true
P-091,WAL-20,true
P-091,WAL-21,true
P-091,DEN-15,false
P-091,DEN-7,false
P-091,DEN-25,false
P-091,WAL-19,false
P-091,WAL-22,false
P-091,WAL-6,false
P-092,PER-1,true
P-092,PER-5,true
P-092,PER-2,true
P-092,PER-3,true
P-092,PER-4,true
P-092,PER-16,true
P-092,PER-17,true
P-092,PER-13,true
P-092,PER-20,true
P-092,PER-24,true
P-092,PER-22,true
P-092,CMR-1,true
P-092,CMR-2,true
P-092,CMR-3,true
P-092,CMR-7,true
P-092,CMR-4,true
P-092,CMR-13,true
P-092,CMR-10,true
P-092,CMR-14,true
P-092,CMR-20,true
P-092,CMR-22,true
P-092,CMR-24,true
P-092,PER-10,false
P-092,PER-26,false
P-092,PER-6,false
P-092,PER-19,false
P-092,PER-7,false
P-092,CMR-8,false
P-092,CMR-15,false
P-092,CMR-6,false
P-092,CMR-26,false
P-092,CMR-9,false
P-093,POL-1,true
P-093,POL-2,true
P-093,POL-5,true
P-093,POL-4,true
P-093,POL-6,true
P-093,POL-11,true
P-093,POL-10,true
P-093,POL-17,true
P-093,POL-25,true
P-093,POL-20,true
P-093,POL-22,true
P-093,VEN-1,true
P-093,VEN-7,true
P-093,VEN-5,true
P-093,VEN-2,true
P-093,VEN-8,true
P-093,VEN-18,true
P-093,VEN-11,true
P-093,VEN-10,true
P-093,VEN-20,true
P-093,VEN-21,true
P-093,VEN-22,true
P-093,POL-21,false
P-093,POL-7,false
P-093,POL-15,false
P-093,POL-16,false
P-093,VEN-9,false
P-093,VEN-15,false
P-093,VEN-13,false
P-093,VEN-24,false
P-094,CRC-23,true
P-094,CRC-4,true
P-094,CRC-5,true
P-094,CRC-2,true
P-094,CRC-7,true
P-094,CRC-11,true
P-094,CRC-10,true
P-094,CRC-14,true
P-094,CRC-20,true
P-094,CRC-22,true
P-094,CRC-26,true
P-094,MLI-12,true
P-094,MLI-2,true
P-094,MLI-9,true
P-094,MLI-3,true
P-094,MLI-4,true
P-094,MLI-17,true
P-094,MLI-11,true
P-094,MLI-10,true
P-094,MLI-24,true
P-094,MLI-22,true
P-094,MLI-20,true
P-094,CRC-24,false
P-094,CRC-9,false
P-094,CRC-17,false
P-094,CRC-15,false
P-094,CRC-18,false
P-094,MLI-6,false
P-094,MLI-18,false
P-094,MLI-14,false
P-094,MLI-16,false
P-095,UKR-12,true
P-095,UKR-4,true
P-095,UKR-2,true
P-095,UKR-8,true
P-095,UKR-9,true
P-095,UKR-10,true
P-095,UKR-11,true
P-095,UKR-14,true
P-095,UKR-26,true
P-095,UKR-20,true
P-095,UKR-21,true
P-095,SRB-12,true
P-095,SRB-8,true
P-095,SRB-4,true
P-095,SRB-9,true
P-095,SRB-3,true
P-095,SRB-10,true
P-095,SRB-13,true
P-095,SRB-11,true
P-095,SRB-21,true
P-095,SRB-22,true
P-095,SRB-20,true
P-095,UKR-7,false
P-095,UKR-15,false
P-095,UKR-6,false
P-095,UKR-3,false
P-095,SRB-2,false
P-095,SRB-26,false
P-095,SRB-17,false
P-095,SRB-6,false
P-096,OMA-12,true
P-096,OMA-2,true
P-096,OMA-7,true
P-096,OMA-3,true
P-096,OMA-8,true
P-096,OMA-11,true
P-096,OMA-16,true
P-096,OMA-13,true
P-096,OMA-22,true
P-096,OMA-20,true
P-096,OMA-24,true
P-096,NCL-12,true
P-096,NCL-2,true
P-096,NCL-8,true
P-096,NCL-5,true
P-096,NCL-3,true
P-096,NCL-18,true
P-096,NCL-15,true
P-096,NCL-11,true
P-096,NCL-22,true
P-096,NCL-20,true
P-096,NCL-21,true
P-096,OMA-21,false
P-096,OMA-26,false
P-096,OMA-14,false
P-096,OMA-17,false
P-096,OMA-18,false
P-096,NCL-6,false
P-096,NCL-9,false
P-096,NCL-7,false
P-096,NCL-24,false
P-096,NCL-19,false
P-097,KOR-23,true
P-097,KOR-3,true
P-097,KOR-7,true
P-097,KOR-4,true
P-097,KOR-9,true
P-097,KOR-10,true
P-097,KOR-11,true
P-097,KOR-16,true
P-097,KOR-20,true
P-097,KOR-22,true
P-097,KOR-24,true
P-097,BIH-12,true
P-097,BIH-4,true
P-097,BIH-9,true
P-097,BIH-2,true
P-097,BIH-3,true
P-097,BIH-10,true
P-097,BIH-11,true
P-097,BIH-17,true
P-097,BIH-20,true
P-097,BIH-25,true
P-097,BIH-22,true
P-097,KOR-6,false
P-097,KOR-21,false
P-097,KOR-13,false
P-097,KOR-2,false
P-097,KOR-15,false
P-097,BIH-5,false
P-097,BIH-6,false
P-097,BIH-26,false
P-098,BRA-1,true
P-098,BRA-5,true
P-098,BRA-3,true
P-098,BRA-8,true
P-098,BRA-4,true
P-098,BRA-11,true
P-098,BRA-10,true
P-098,BRA-13,true
P-098,BRA-20,true
P-098,BRA-24,true
P-098,BRA-21,true
P-098,PAR-23,true
P-098,PAR-7,true
P-098,PAR-3,true
P-098,PAR-8,true
P-098,PAR-4,true
P-098,PAR-10,true
P-098,PAR-11,true
P-098,PAR-13,true
P-098,PAR-20,true
P-098,PAR-22,true
P-098,PAR-21,true
P-098,BRA-2,false
P-098,BRA-25,false
P-098,BRA-15,false
P-098,BRA-9,false
P-098,BRA-17,false
P-098,PAR-16,false
P-098,PAR-18,false
P-098,PAR-15,false
P-099,GER-1,true
P-099,GER-6,true
P-099,GER-2,true
P-099,GER-3,true
P-099,GER-4,true
P-099,GER-13,true
P-099,GER-14,true
P-099,GER-10,true
P-099,GER-21,true
P-099,GER-20,true
P-099,GER-24,true
P-099,JPN-1,true
P-099,JPN-5,true
P-099,JPN-3,true
P-099,JPN-6,true
P-099,JPN-9,true
P-099,JPN-13,true
P-099,JPN-16,true
P-099,JPN-14,true
P-099,JPN-20,true
P-099,JPN-21,true
P-099,JPN-24,true
P-099,GER-8,false
P-099,GER-5,false
P-099,GER-11,false
P-099,GER-25,false
P-099,JPN-11,false
P-099,JPN-8,false
P-099,JPN-15,false
P-100,BEL-12,true
P-100,BEL-4,true
P-100,BEL-2,true
P-100,BEL-6,true
P-100,BEL-7,true
P-100,BEL-11,true
P-100,BEL-10,true
P-100,BEL-15,true
P-100,BEL-20,true
P-100,BEL-21,true
P-100,BEL-22,true
P-100,URU-12,true
P-100,URU-3,true
P-100,URU-6,true
P-100,URU-8,true
P-100,URU-2,true
P-100,URU-11,true
P-100,URU-14,true
P-100,URU-13,true
P-100,URU-22,true
P-100,URU-25,true
P-100,URU-20,true
P-100,BEL-16,false
P-100,BEL-13,false
P-100,BEL-14,false
P-100,BEL-5,false
P-100,URU-18,false
P-100,URU-10,false
P-100,URU-15,false
P-100,URU-7,false
P-100,URU-26,false
P-101,FRA-23,true
P-101,FRA-4,true
P-101,FRA-8,true
P-101,FRA-2,true
P-101,FRA-3,true
P-101,FRA-10,true
P-101,FRA-11,true
P-101,FRA-15,true
P-101,FRA-20,true
P-101,FRA-22,true
P-101,FRA-25,true
P-101,ALG-1,true
P-101,ALG-2,true
P-101,ALG-5,true
P-101,ALG-4,true
P-101,ALG-6,true
P-101,ALG-10,true
P-101,ALG-14,true
P-101,ALG-11,true
P-101,ALG-22,true
P-101,ALG-25,true
P-101,ALG-20,true
P-101,FRA-13,false
P-101,FRA-21,false
P-101,FRA-6,false
P-101,FRA-9,false
P-101,FRA-18,false
P-101,ALG-19,false
P-101,ALG-8,false
P-101,ALG-7,false
P-101,ALG-21,false
P-102,POR-1,true
P-102,POR-3,true
P-102,POR-2,true
P-102,POR-4,true
P-102,POR-8,true
P-102,POR-16,true
P-102,POR-14,true
P-102,POR-10,true
P-102,POR-20,true
P-102,POR-22,true
P-102,POR-21,true
P-102,CRO-1,true
P-102,CRO-3,true
P-102,CRO-4,true
P-102,CRO-2,true
P-102,CRO-6,true
P-102,CRO-10,true
P-102,CRO-11,true
P-102,CRO-16,true
P-102,CRO-25,true
P-102,CRO-21,true
P-102,CRO-26,true
P-102,POR-6,false
P-102,POR-17,false
P-102,POR-19,false
P-102,POR-11,false
P-102,CRO-15,false
P-102,CRO-9,false
P-102,CRO-14,false
P-102,CRO-24,false
P-103,ITA-1,true
P-103,ITA-6,true
P-103,ITA-4,true
P-103,ITA-9,true
P-103,ITA-2,true
P-103,ITA-11,true
P-103,ITA-10,true
P-103,ITA-14,true
P-103,ITA-20,true
P-103,ITA-21,true
P-103,ITA-25,true
P-103,WAL-1,true
P-103,WAL-8,true
P-103,WAL-6,true
P-103,WAL-3,true
P-103,WAL-2,true
P-103,WAL-14,true
P-103,WAL-10,true
P-103,WAL-18,true
P-103,WAL-20,true
P-103,WAL-21,true
P-103,WAL-24,true
P-103,ITA-22,false
P-103,ITA-3,false
P-103,ITA-24,false
P-103,ITA-26,false
P-103,ITA-16,false
P-103,WAL-9,false
P-103,WAL-16,false
P-103,WAL-19,false
P-103,WAL-5,false
P-103,WAL-22,false
P-104,POL-1,true
P-104,POL-5,true
P-104,POL-2,true
P-104,POL-3,true
P-104,POL-4,true
P-104,POL-11,true
P-104,POL-13,true
P-104,POL-14,true
P-104,POL-21,true
P-104,POL-26,true
P-104,POL-20,true
P-104,SRB-12,true
P-104,SRB-4,true
P-104,SRB-5,true
P-104,SRB-2,true
P-104,SRB-3,true
P-104,SRB-11,true
P-104,SRB-13,true
P-104,SRB-14,true
P-104,SRB-25,true
P-104,SRB-20,true
P-104,SRB-24,true
P-104,POL-8,false
P-104,POL-10,false
P-104,POL-16,false
P-104,SRB-15,false
P-104,SRB-21,false
P-104,SRB-26,false
P-105,MEX-12,true
P-105,MEX-2,true
P-105,MEX-4,true
P-105,MEX-3,true
P-105,MEX-6,true
P-105,MEX-10,true
P-105,MEX-11,true
P-105,MEX-13,true
P-105,MEX-25,true
P-105,MEX-20,true
P-105,MEX-21,true
P-105,QAT-12,true
P-105,QAT-3,true
P-105,QAT-4,true
P-105,QAT-7,true
P-105,QAT-2,true
P-105,QAT-10,true
P-105,QAT-18,true
P-105,QAT-13,true
P-105,QAT-24,true
P-105,QAT-21,true
P-105,QAT-20,true
P-105,MEX-16,false
P-105,MEX-5,false
P-105,MEX-15,false
P-105,MEX-24,false
P-105,QAT-25,false
P-105,QAT-9,false
P-105,QAT-8,false
P-106,MAR-1,true
P-106,MAR-9,true
P-106,MAR-2,true
P-106,MAR-6,true
P-106,MAR-3,true
P-106,MAR-13,true
P-106,MAR-19,true
P-106,MAR-16,true
P-106,MAR-24,true
P-106,MAR-20,true
P-106,MAR-21,true
P-106,AUS-12,true
P-106,AUS-6,true
P-106,AUS-2,true
P-106,AUS-7,true
P-106,AUS-3,true
P-106,AUS-15,true
P-106,AUS-10,true
P-106,AUS-11,true
P-106,AUS-21,true
P-106,AUS-20,true
P-106,AUS-22,true
P-106,MAR-17,false
P-106,MAR-10,false
P-106,MAR-25,false
P-106,MAR-26,false
P-106,MAR-7,false
P-106,AUS-5,false
P-106,AUS-4,false
P-106,AUS-18,false
P-107,NED-23,true
P-107,NED-5,true
P-107,NED-3,true
P-107,NED-2,true
P-107,NED-6,true
P-107,NED-13,true
P-107,NED-10,true
P-107,NED-11,true
P-107,NED-25,true
P-107,NED-20,true
P-107,NED-21,true
P-107,ECU-1,true
P-107,ECU-9,true
P-107,ECU-2,true
P-107,ECU-5,true
P-107,ECU-6,true
P-107,ECU-14,true
P-107,ECU-10,true
P-107,ECU-11,true
P-107,ECU-20,true
P-107,ECU-22,true
P-107,ECU-24,true
P-107,NED-18,false
P-107,NED-16,false
P-107,NED-8,false
P-107,NED-9,false
P-107,NED-22,false
P-107,ECU-7,false
P-107,ECU-26,false
P-107,ECU-13,false
P-107,ECU-18,false
P-107,ECU-15,false
P-108,ESP-1,true
P-108,ESP-2,true
P-108,ESP-5,true
P-108,ESP-4,true
P-108,ESP-7,true
P-108,ESP-10,true
P-108,ESP-15,true
P-108,ESP-11,true
P-108,ESP-25,true
P-108,ESP-20,true
P-108,ESP-24,true
P-108,EGY-12,true
P-108,EGY-2,true
P-108,EGY-3,true
P-108,EGY-5,true
P-108,EGY-9,true
P-108,EGY-10,true
P-108,EGY-11,true
P-108,EGY-13,true
P-108,EGY-20,true
P-108,EGY-24,true
P-108,EGY-21,true
P-108,ESP-6,false
P-108,ESP-26,false
P-108,ESP-17,false
P-108,EGY-22,false
P-108,EGY-19,false
P-108,EGY-26,false
P-108,EGY-6,false
P-108,EGY-25,false
P-109,ARG-1,true
P-109,ARG-2,true
P-109,ARG-7,true
P-109,ARG-4,true
P-109,ARG-3,true
P-109,ARG-13,true
P-109,ARG-18,true
P-109,ARG-10,true
P-109,ARG-20,true
P-109,ARG-21,true
P-109,ARG-22,true
P-109,NOR-12,true
P-109,NOR-8,true
P-109,NOR-5,true
P-109,NOR-3,true
P-109,NOR-6,true
P-109,NOR-13,true
P-109,NOR-17,true
P-109,NOR-18,true
P-109,NOR-21,true
P-109,NOR-20,true
P-109,NOR-22,true
P-109,ARG-9,false
P-109,ARG-17,false
P-109,ARG-16,false
P-109,ARG-14,false
P-109,ARG-8,false
P-109,NOR-25,false
P-109,NOR-16,false
P-109,NOR-24,false
P-109,NOR-26,false
P-109,NOR-7,false
P-110,ENG-23,true
P-110,ENG-2,true
P-110,ENG-3,true
P-110,ENG-5,true
P-110,ENG-4,true
P-110,ENG-19,true
P-110,ENG-14,true
P-110,ENG-10,true
P-110,ENG-20,true
P-110,ENG-21,true
P-110,ENG-24,true
P-110,COL-1,true
P-110,COL-4,true
P-110,COL-2,true
P-110,COL-3,true
P-110,COL-6,true
P-110,COL-19,true
P-110,COL-10,true
P-110,COL-11,true
P-110,COL-21,true
P-110,COL-22,true
P-110,COL-20,true
P-110,ENG-16,false
P-110,ENG-26,false
P-110,ENG-17,false
P-110,ENG-22,false
P-110,COL-9,false
P-110,COL-7,false
P-110,COL-13,false
P-111,DEN-12,true
P-111,DEN-2,true
P-111,DEN-5,true
P-111,DEN-6,true
P-111,DEN-9,true
P-111,DEN-10,true
P-111,DEN-16,true
P-111,DEN-11,true
P-111,DEN-20,true
P-111,DEN-22,true
P-111,DEN-21,true
P-111,CHN-1,true
P-111,CHN-2,true
P-111,CHN-3,true
P-111,CHN-4,true
P-111,CHN-5,true
P-111,CHN-11,true
P-111,CHN-15,true
P-111,CHN-14,true
P-111,CHN-20,true
P-111,CHN-22,true
P-111,CHN-25,true
P-111,DEN-17,false
P-111,DEN-3,false
P-111,DEN-14,false
P-111,CHN-6,false
P-111,CHN-9,false
P-111,CHN-24,false
P-111,CHN-26,false
P-111,CHN-16,false
P-112,VEN-1,true
P-112,VEN-4,true
P-112,VEN-5,true
P-112,VEN-7,true
P-112,VEN-2,true
P-112,VEN-10,true
P-112,VEN-13,true
P-112,VEN-16,true
P-112,VEN-20,true
P-112,VEN-24,true
P-112,VEN-21,true
P-112,OMA-12,true
P-112,OMA-2,true
P-112,OMA-3,true
P-112,OMA-4,true
P-112,OMA-7,true
P-112,OMA-14,true
P-112,OMA-10,true
P-112,OMA-16,true
P-112,OMA-20,true
P-112,OMA-22,true
P-112,OMA-21,true
P-112,VEN-11,false
P-112,VEN-25,false
P-112,VEN-9,false
P-112,VEN-26,false
P-112,VEN-18,false
P-112,OMA-19,false
P-112,OMA-6,false
P-112,OMA-11,false
P-112,OMA-9,false
P-112,OMA-17,false
P-113,BRA-12,true
P-113,BRA-5,true
P-113,BRA-2,true
P-113,BRA-6,true
P-113,BRA-8,true
P-113,BRA-10,true
P-113,BRA-11,true
P-113,BRA-13,true
P-113,BRA-24,true
P-113,BRA-20,true
P-113,BRA-21,true
P-113,BIH-1,true
P-113,BIH-2,true
P-113,BIH-6,true
P-113,BIH-8,true
P-113,BIH-3,true
P-113,BIH-11,true
P-113,BIH-10,true
P-113,BIH-18,true
P-113,BIH-20,true
P-113,BIH-22,true
P-113,BIH-21,true
P-113,BRA-9,false
P-113,BRA-16,false
P-113,BRA-26,false
P-113,BRA-22,false
P-113,BIH-19,false
P-113,BIH-5,false
P-113,BIH-4,false
P-114,BEL-1,true
P-114,BEL-4,true
P-114,BEL-3,true
P-114,BEL-5,true
P-114,BEL-6,true
P-114,BEL-16,true
P-114,BEL-10,true
P-114,BEL-13,true
P-114,BEL-20,true
P-114,BEL-22,true
P-114,BEL-21,true
P-114,GER-1,true
P-114,GER-2,true
P-114,GER-4,true
P-114,GER-3,true
P-114,GER-9,true
P-114,GER-16,true
P-114,GER-18,true
P-114,GER-10,true
P-114,GER-24,true
P-114,GER-21,true
P-114,GER-26,true
P-114,BEL-14,false
P-114,BEL-25,false
P-114,BEL-26,false
P-114,BEL-19,false
P-114,GER-25,false
P-114,GER-15,false
P-114,GER-22,false
P-115,FRA-1,true
P-115,FRA-2,true
P-115,FRA-3,true
P-115,FRA-6,true
P-115,FRA-7,true
P-115,FRA-15,true
P-115,FRA-19,true
P-115,FRA-11,true
P-115,FRA-26,true
P-115,FRA-20,true
P-115,FRA-25,true
P-115,POR-1,true
P-115,POR-4,true
P-115,POR-2,true
P-115,POR-7,true
P-115,POR-8,true
P-115,POR-15,true
P-115,POR-17,true
P-115,POR-13,true
P-115,POR-26,true
P-115,POR-25,true
P-115,POR-21,true
P-115,FRA-4,false
P-115,FRA-22,false
P-115,FRA-5,false
P-115,FRA-17,false
P-115,POR-10,false
P-115,POR-14,false
P-115,POR-11,false
P-115,POR-22,false
P-115,POR-20,false
P-116,WAL-12,true
P-116,WAL-2,true
P-116,WAL-6,true
P-116,WAL-5,true
P-116,WAL-3,true
P-116,WAL-13,true
P-116,WAL-10,true
P-116,WAL-16,true
P-116,WAL-20,true
P-116,WAL-21,true
P-116,WAL-25,true
P-116,POL-12,true
P-116,POL-2,true
P-116,POL-3,true
P-116,POL-4,true
P-116,POL-7,true
P-116,POL-13,true
P-116,POL-17,true
P-116,POL-10,true
P-116,POL-25,true
P-116,POL-20,true
P-116,POL-21,true
P-116,WAL-24,false
P-116,WAL-26,false
P-116,WAL-18,false
P-116,POL-11,false
P-116,POL-9,false
P-116,POL-6,false
P-116,POL-5,false
P-116,POL-22,false
P-117,MAR-23,true
P-117,MAR-2,true
P-117,MAR-9,true
P-117,MAR-7,true
P-117,MAR-3,true
P-117,MAR-13,true
P-117,MAR-11,true
P-117,MAR-14,true
P-117,MAR-21,true
P-117,MAR-22,true
P-117,MAR-20,true
P-117,QAT-1,true
P-117,QAT-3,true
P-117,QAT-5,true
P-117,QAT-2,true
P-117,QAT-7,true
P-117,QAT-10,true
P-117,QAT-11,true
P-117,QAT-17,true
P-117,QAT-21,true
P-117,QAT-20,true
P-117,QAT-26,true
P-117,MAR-24,false
P-117,MAR-25,false
P-117,MAR-17,false
P-117,MAR-10,false
P-117,MAR-8,false
P-117,QAT-13,false
P-117,QAT-18,false
P-117,QAT-14,false
P-118,ESP-1,true
P-118,ESP-8,true
P-118,ESP-6,true
P-118,ESP-2,true
P-118,ESP-3,true
P-118,ESP-16,true
P-118,ESP-13,true
P-118,ESP-11,true
P-118,ESP-20,true
P-118,ESP-24,true
P-118,ESP-21,true
P-118,ECU-1,true
P-118,ECU-2,true
P-118,ECU-4,true
P-118,ECU-3,true
P-118,ECU-5,true
P-118,ECU-10,true
P-118,ECU-11,true
P-118,ECU-14,true
P-118,ECU-20,true
P-118,ECU-25,true
P-118,ECU-26,true
P-118,ESP-25,false
P-118,ESP-15,false
P-118,ESP-19,false
P-118,ESP-4,false
P-118,ESP-7,false
P-118,ECU-22,false
P-118,ECU-7,false
P-118,ECU-19,false
P-118,ECU-16,false
P-118,ECU-24,false
P-119,ENG-1,true
P-119,ENG-3,true
P-119,ENG-4,true
P-119,ENG-2,true
P-119,ENG-5,true
P-119,ENG-10,true
P-119,ENG-14,true
P-119,ENG-11,true
P-119,ENG-20,true
P-119,ENG-26,true
P-119,ENG-21,true
P-119,NOR-23,true
P-119,NOR-4,true
P-119,NOR-5,true
P-119,NOR-2,true
P-119,NOR-6,true
P-119,NOR-14,true
P-119,NOR-10,true
P-119,NOR-17,true
P-119,NOR-25,true
P-119,NOR-26,true
P-119,NOR-22,true
P-119,ENG-7,false
P-119,ENG-9,false
P-119,ENG-25,false
P-119,ENG-24,false
P-119,NOR-19,false
P-119,NOR-18,false
P-119,NOR-7,false
P-120,DEN-1,true
P-120,DEN-2,true
P-120,DEN-4,true
P-120,DEN-3,true
P-120,DEN-6,true
P-120,DEN-15,true
P-120,DEN-14,true
P-120,DEN-16,true
P-120,DEN-24,true
P-120,DEN-20,true
P-120,DEN-21,true
P-120,OMA-1,true
P-120,OMA-4,true
P-120,OMA-6,true
P-120,OMA-7,true
P-120,OMA-8,true
P-120,OMA-11,true
P-120,OMA-14,true
P-120,OMA-19,true
P-120,OMA-25,true
P-120,OMA-20,true
P-120,OMA-22,true
P-120,DEN-18,false
P-120,DEN-13,false
P-120,DEN-22,false
P-120,OMA-13,false
P-120,OMA-5,false
P-120,OMA-15,false
P-120,OMA-26,false
P-120,OMA-3,false
P-121,BRA-1,true
P-121,BRA-3,true
P-121,BRA-2,true
P-121,BRA-5,true
P-121,BRA-6,true
P-121,BRA-11,true
P-121,BRA-13,true
P-121,BRA-15,true
P-121,BRA-21,true
P-121,BRA-25,true
P-121,BRA-20,true
P-121,GER-1,true
P-121,GER-4,true
P-121,GER-6,true
P-121,GER-2,true
P-121,GER-5,true
P-121,GER-15,true
P-121,GER-10,true
P-121,GER-13,true
P-121,GER-21,true
P-121,GER-20,true
P-121,GER-24,true
P-121,BRA-26,false
P-121,BRA-8,false
P-121,BRA-4,false
P-121,BRA-9,false
P-121,BRA-24,false
P-121,GER-17,false
P-121,GER-26,false
P-121,GER-3,false
P-121,GER-19,false
P-122,POR-12,true
P-122,POR-7,true
P-122,POR-9,true
P-122,POR-2,true
P-122,POR-4,true
P-122,POR-11,true
P-122,POR-13,true
P-122,POR-14,true
P-122,POR-20,true
P-122,POR-21,true
P-122,POR-22,true
P-122,POL-1,true
P-122,POL-2,true
P-122,POL-3,true
P-122,POL-4,true
P-122,POL-9,true
P-122,POL-11,true
P-122,POL-10,true
P-122,POL-16,true
P-122,POL-20,true
P-122,POL-22,true
P-122,POL-24,true
P-122,POR-6,false
P-122,POR-16,false
P-122,POR-8,false
P-122,POR-15,false
P-122,POL-13,false
P-122,POL-19,false
P-122,POL-26,false
P-123,ESP-1,true
P-123,ESP-8,true
P-123,ESP-3,true
P-123,ESP-7,true
P-123,ESP-2,true
P-123,ESP-18,true
P-123,ESP-10,true
P-123,ESP-13,true
P-123,ESP-25,true
P-123,ESP-20,true
P-123,ESP-21,true
P-123,MAR-12,true
P-123,MAR-2,true
P-123,MAR-5,true
P-123,MAR-3,true
P-123,MAR-9,true
P-123,MAR-18,true
P-123,MAR-11,true
P-123,MAR-10,true
P-123,MAR-21,true
P-123,MAR-25,true
P-123,MAR-20,true
P-123,ESP-24,false
P-123,ESP-4,false
P-123,ESP-17,false
P-123,ESP-6,false
P-123,ESP-14,false
P-123,MAR-13,false
P-123,MAR-6,false
P-123,MAR-7,false
P-123,MAR-4,false
P-123,MAR-26,false
P-124,ENG-1,true
P-124,ENG-9,true
P-124,ENG-8,true
P-124,ENG-7,true
P-124,ENG-6,true
P-124,ENG-10,true
P-124,ENG-13,true
P-124,ENG-14,true
P-124,ENG-21,true
P-124,ENG-25,true
P-124,ENG-22,true
P-124,DEN-1,true
P-124,DEN-2,true
P-124,DEN-9,true
P-124,DEN-5,true
P-124,DEN-3,true
P-124,DEN-10,true
P-124,DEN-11,true
P-124,DEN-14,true
P-124,DEN-21,true
P-124,DEN-20,true
P-124,DEN-22,true
P-124,ENG-2,false
P-124,ENG-16,false
P-124,ENG-17,false
P-124,ENG-20,false
P-124,ENG-11,false
P-124,DEN-26,false
P-124,DEN-8,false
P-124,DEN-6,false
P-124,DEN-25,false
P-124,DEN-19,false
P-125,GER-12,true
P-125,GER-2,true
P-125,GER-3,true
P-125,GER-6,true
P-125,GER-8,true
P-125,GER-14,true
P-125,GER-19,true
P-125,GER-10,true
P-125,GER-20,true
P-125,GER-22,true
P-125,GER-24,true
P-125,POL-1,true
P-125,POL-3,true
P-125,POL-2,true
P-125,POL-4,true
P-125,POL-9,true
P-125,POL-14,true
P-125,POL-16,true
P-125,POL-10,true
P-125,POL-26,true
P-125,POL-20,true
P-125,POL-21,true
P-125,GER-18,false
P-125,GER-13,false
P-125,GER-11,false
P-125,GER-17,false
P-125,POL-18,false
P-125,POL-11,false
P-125,POL-24,false
P-125,POL-22,false
P-125,POL-13,false
P-126,ENG-23,true
P-126,ENG-7,true
P-126,ENG-2,true
P-126,ENG-8,true
P-126,ENG-4,true
P-126,ENG-10,true
P-126,ENG-15,true
P-126,ENG-11,true
P-126,ENG-20,true
P-126,ENG-26,true
P-126,ENG-24,true
P-126,MAR-1,true
P-126,MAR-4,true
P-126,MAR-8,true
P-126,MAR-2,true
P-126,MAR-3,true
P-126,MAR-11,true
P-126,MAR-14,true
P-126,MAR-17,true
P-126,MAR-21,true
P-126,MAR-22,true
P-126,MAR-26,true
P-126,ENG-16,false
P-126,ENG-18,false
P-126,ENG-13,false
P-126,MAR-25,false
P-126,MAR-16,false
P-126,MAR-13,false
P-126,MAR-24,false
P-126,MAR-5,false
P-127,ENG-12,true
P-127,ENG-3,true
P-127,ENG-4,true
P-127,ENG-9,true
P-127,ENG-6,true
P-127,ENG-11,true
P-127,ENG-10,true
P-127,ENG-15,true
P-127,ENG-21,true
P-127,ENG-20,true
P-127,ENG-24,true
P-127,GER-1,true
P-127,GER-3,true
P-127,GER-4,true
P-127,GER-5,true
P-127,GER-9,true
P-127,GER-15,true
P-127,GER-10,true
P-127,GER-11,true
P-127,GER-21,true
P-127,GER-24,true
P-127,GER-25,true
P-127,ENG-16,false
P-127,ENG-13,false
P-127,ENG-14,false
P-127,GER-7,false
P-127,GER-17,false
P-127,GER-6,false
P-127,GER-2,false
