id,partido_id,tipo,minuto
E-0001,P-001,Gol,12
E-0002,P-001,Tarjeta Amarilla,34
E-0003,P-001,Tarjeta Amarilla,45
E-0004,P-001,Sustitución,48
E-0005,P-001,Sustitución,50
E-0006,P-001,Gol,50
E-0007,P-001,Sustitución,52
E-0008,P-001,Sustitución,55
E-0009,P-001,Sustitución,56
E-0010,P-001,Tarjeta Amarilla,59
E-0011,P-001,Gol,60
E-0012,P-001,Sustitución,61
E-0013,P-001,Sustitución,61
E-0014,P-001,Sustitución,62
E-0015,P-001,Tarjeta Amarilla,82
E-0016,P-002,Gol,15
E-0017,P-002,Sustitución,48
E-0018,P-002,Sustitución,49
E-0019,P-002,Sustitución,51
E-0020,P-002,Sustitución,52
E-0021,P-002,Sustitución,56
E-0022,P-002,Sustitución,57
E-0023,P-002,Sustitución,58
E-0024,P-002,Sustitución,61
E-0025,P-002,Tarjeta Amarilla,64
E-0026,P-002,Sustitución,66
E-0027,P-002,Gol,72
E-0028,P-002,Tarjeta Amarilla,72
E-0029,P-002,Gol,89
E-0030,P-003,Tarjeta Amarilla,3
E-0031,P-003,Tarjeta Amarilla,31
E-0032,P-003,Sustitución,50
E-0033,P-003,Sustitución,52
E-0034,P-003,Tarjeta Amarilla,57
E-0035,P-003,Sustitución,59
E-0036,P-003,Sustitución,59
E-0037,P-003,Sustitución,61
E-0038,P-003,Sustitución,62
E-0039,P-003,Sustitución,65
E-0040,P-003,Sustitución,66
E-0041,P-003,Sustitución,66
E-0042,P-003,Sustitución,68
E-0043,P-003,Tarjeta Amarilla,80
E-0044,P-004,Tarjeta Amarilla,4
E-0045,P-004,Gol,8
E-0046,P-004,Tarjeta Amarilla,29
E-0047,P-004,Tarjeta Amarilla,49
E-0048,P-004,Sustitución,52
E-0049,P-004,Gol,52
E-0050,P-004,Sustitución,55
E-0051,P-004,Gol,59
E-0052,P-004,Sustitución,60
E-0053,P-004,Sustitución,63
E-0054,P-004,Gol,63
E-0055,P-004,Sustitución,66
E-0056,P-004,Sustitución,70
E-0057,P-004,Sustitución,73
E-0058,P-004,Tarjeta Amarilla,79
E-0059,P-004,Tarjeta Amarilla,90
E-0060,P-005,Gol,33
E-0061,P-005,Gol,40
E-0062,P-005,Gol,44
E-0063,P-005,Sustitución,46
E-0064,P-005,Gol,49
E-0065,P-005,Sustitución,53
E-0066,P-005,Gol,53
E-0067,P-005,Sustitución,55
E-0068,P-005,Sustitución,60
E-0069,P-005,Tarjeta Amarilla,60
E-0070,P-005,Sustitución,61
E-0071,P-005,Sustitución,65
E-0072,P-005,Tarjeta Amarilla,69
E-0073,P-005,Sustitución,71
E-0074,P-005,Sustitución,74
E-0075,P-005,Gol,87
E-0076,P-006,Tarjeta Amarilla,9
E-0077,P-006,Gol,33
E-0078,P-006,Sustitución,51
E-0079,P-006,Sustitución,53
E-0080,P-006,Sustitución,55
E-0081,P-006,Sustitución,59
E-0082,P-006,Sustitución,60
E-0083,P-006,Sustitución,61
E-0084,P-006,Sustitución,67
E-0085,P-006,Sustitución,68
E-0086,P-006,Tarjeta Amarilla,68
E-0087,P-006,Sustitución,74
E-0088,P-006,Sustitución,75
E-0089,P-006,Gol,77
E-0090,P-006,Gol,78
E-0091,P-007,Gol,15
E-0092,P-007,Tarjeta Amarilla,23
E-0093,P-007,Tarjeta Amarilla,38
E-0094,P-007,Sustitución,46
E-0095,P-007,Sustitución,47
E-0096,P-007,Sustitución,48
E-0097,P-007,Sustitución,50
E-0098,P-007,Sustitución,54
E-0099,P-007,Sustitución,55
E-0100,P-007,Tarjeta Amarilla,60
E-0101,P-007,Sustitución,61
E-0102,P-007,Sustitución,62
E-0103,P-007,Tarjeta Amarilla,72
E-0104,P-008,Tarjeta Amarilla,8
E-0105,P-008,Gol,48
E-0106,P-008,Gol,48
E-0107,P-008,Sustitución,50
E-0108,P-008,Tarjeta Amarilla,51
E-0109,P-008,Sustitución,52
E-0110,P-008,Sustitución,53
E-0111,P-008,Sustitución,54
E-0112,P-008,Sustitución,60
E-0113,P-008,Gol,61
E-0114,P-008,Sustitución,68
E-0115,P-008,Sustitución,72
E-0116,P-008,Tarjeta Amarilla,72
E-0117,P-008,Tarjeta Amarilla,87
E-0118,P-008,Tarjeta Roja,87
E-0119,P-009,Gol,22
E-0120,P-009,Tarjeta Amarilla,27
E-0121,P-009,Sustitución,53
E-0122,P-009,Sustitución,55
E-0123,P-009,Sustitución,59
E-0124,P-009,Sustitución,63
E-0125,P-009,Sustitución,63
E-0126,P-009,Tarjeta Amarilla,64
E-0127,P-009,Sustitución,67
E-0128,P-009,Sustitución,67
E-0129,P-009,Tarjeta Amarilla,76
E-0130,P-010,Gol,12
E-0131,P-010,Tarjeta Amarilla,27
E-0132,P-010,Tarjeta Amarilla,37
E-0133,P-010,Tarjeta Amarilla,37
E-0134,P-010,Gol,44
E-0135,P-010,Sustitución,48
E-0136,P-010,Sustitución,55
E-0137,P-010,Sustitución,58
E-0138,P-010,Sustitución,63
E-0139,P-010,Sustitución,65
E-0140,P-010,Sustitución,66
E-0141,P-010,Gol,76
E-0142,P-010,Tarjeta Amarilla,77
E-0143,P-010,Tarjeta Amarilla,88
E-0144,P-011,Gol,45
E-0145,P-011,Tarjeta Amarilla,56
E-0146,P-011,Tarjeta Amarilla,57
E-0147,P-011,Sustitución,59
E-0148,P-011,Sustitución,59
E-0149,P-011,Gol,60
E-0150,P-011,Sustitución,61
E-0151,P-011,Sustitución,61
E-0152,P-011,Sustitución,65
E-0153,P-011,Sustitución,67
E-0154,P-011,Sustitución,68
E-0155,P-011,Sustitución,71
E-0156,P-011,Sustitución,71
E-0157,P-011,Tarjeta Amarilla,71
E-0158,P-011,Tarjeta Roja,75
E-0159,P-011,Gol,88
E-0160,P-012,Tarjeta Amarilla,13
E-0161,P-012,Tarjeta Amarilla,28
E-0162,P-012,Sustitución,46
E-0163,P-012,Sustitución,47
E-0164,P-012,Sustitución,52
E-0165,P-012,Sustitución,53
E-0166,P-012,Sustitución,59
E-0167,P-012,Tarjeta Amarilla,60
E-0168,P-012,Tarjeta Amarilla,60
E-0169,P-012,Sustitución,65
E-0170,P-012,Gol,66
E-0171,P-012,Gol,88
E-0172,P-012,Gol,89
E-0173,P-013,Tarjeta Amarilla,27
E-0174,P-013,Sustitución,51
E-0175,P-013,Sustitución,51
E-0176,P-013,Sustitución,53
E-0177,P-013,Sustitución,57
E-0178,P-013,Sustitución,57
E-0179,P-013,Sustitución,59
E-0180,P-013,Sustitución,62
E-0181,P-013,Sustitución,64
E-0182,P-013,Gol,66
E-0183,P-013,Tarjeta Amarilla,69
E-0184,P-013,Gol,77
E-0185,P-013,Tarjeta Amarilla,80
E-0186,P-013,Gol,84
E-0187,P-014,Gol,7
E-0188,P-014,Gol,12
E-0189,P-014,Tarjeta Amarilla,35
E-0190,P-014,Gol,38
E-0191,P-014,Sustitución,50
E-0192,P-014,Sustitución,55
E-0193,P-014,Sustitución,56
E-0194,P-014,Sustitución,58
E-0195,P-014,Sustitución,59
E-0196,P-014,Sustitución,66
E-0197,P-014,Sustitución,66
E-0198,P-014,Sustitución,67
E-0199,P-014,Sustitución,71
E-0200,P-014,Tarjeta Amarilla,73
E-0201,P-014,Gol,77
E-0202,P-015,Gol,3
E-0203,P-015,Tarjeta Amarilla,18
E-0204,P-015,Gol,29
E-0205,P-015,Tarjeta Amarilla,43
E-0206,P-015,Sustitución,50
E-0207,P-015,Sustitución,52
E-0208,P-015,Sustitución,55
E-0209,P-015,Tarjeta Amarilla,56
E-0210,P-015,Sustitución,58
E-0211,P-015,Sustitución,61
E-0212,P-015,Sustitución,62
E-0213,P-015,Sustitución,64
E-0214,P-015,Sustitución,67
E-0215,P-015,Gol,67
E-0216,P-015,Sustitución,68
E-0217,P-015,Gol,74
E-0218,P-015,Gol,88
E-0219,P-015,Tarjeta Amarilla,89
E-0220,P-016,Gol,6
E-0221,P-016,Tarjeta Amarilla,21
E-0222,P-016,Tarjeta Amarilla,24
E-0223,P-016,Gol,29
E-0224,P-016,Tarjeta Amarilla,33
E-0225,P-016,Sustitución,57
E-0226,P-016,Sustitución,60
E-0227,P-016,Sustitución,61
E-0228,P-016,Sustitución,63
E-0229,P-016,Sustitución,65
E-0230,P-016,Gol,72
E-0231,P-016,Sustitución,73
E-0232,P-016,Gol,73
E-0233,P-016,Tarjeta Amarilla,75
E-0234,P-016,Gol,82
E-0235,P-016,Tarjeta Amarilla,85
E-0236,P-017,Gol,9
E-0237,P-017,Tarjeta Amarilla,16
E-0238,P-017,Gol,28
E-0239,P-017,Tarjeta Amarilla,37
E-0240,P-017,Gol,40
E-0241,P-017,Sustitución,54
E-0242,P-017,Sustitución,54
E-0243,P-017,Sustitución,59
E-0244,P-017,Sustitución,60
E-0245,P-017,Sustitución,65
E-0246,P-017,Sustitución,66
E-0247,P-017,Tarjeta Amarilla,72
E-0248,P-018,Gol,2
E-0249,P-018,Tarjeta Amarilla,14
E-0250,P-018,Gol,23
E-0251,P-018,Sustitución,47
E-0252,P-018,Sustitución,52
E-0253,P-018,Sustitución,54
E-0254,P-018,Sustitución,57
E-0255,P-018,Tarjeta Amarilla,57
E-0256,P-018,Sustitución,59
E-0257,P-018,Sustitución,60
E-0258,P-018,Sustitución,65
E-0259,P-018,Gol,67
E-0260,P-018,Tarjeta Amarilla,67
E-0261,P-018,Sustitución,68
E-0262,P-019,Gol,5
E-0263,P-019,Tarjeta Amarilla,5
E-0264,P-019,Gol,25
E-0265,P-019,Tarjeta Amarilla,39
E-0266,P-019,Tarjeta Amarilla,40
E-0267,P-019,Sustitución,48
E-0268,P-019,Gol,49
E-0269,P-019,Sustitución,55
E-0270,P-019,Sustitución,56
E-0271,P-019,Sustitución,57
E-0272,P-019,Sustitución,60
E-0273,P-019,Sustitución,62
E-0274,P-019,Sustitución,70
E-0275,P-019,Sustitución,73
E-0276,P-019,Gol,74
E-0277,P-019,Gol,76
E-0278,P-019,Tarjeta Amarilla,80
E-0279,P-019,Sustitución,81
E-0280,P-019,Tarjeta Roja,90
E-0281,P-020,Tarjeta Amarilla,6
E-0282,P-020,Tarjeta Amarilla,24
E-0283,P-020,Gol,42
E-0284,P-020,Sustitución,51
E-0285,P-020,Tarjeta Amarilla,57
E-0286,P-020,Sustitución,59
E-0287,P-020,Sustitución,59
E-0288,P-020,Sustitución,60
E-0289,P-020,Sustitución,62
E-0290,P-020,Sustitución,65
E-0291,P-020,Sustitución,66
E-0292,P-020,Sustitución,69
E-0293,P-020,Sustitución,74
E-0294,P-020,Tarjeta Amarilla,75
E-0295,P-020,Tarjeta Roja,79
E-0296,P-020,Tarjeta Amarilla,86
E-0297,P-021,Gol,14
E-0298,P-021,Tarjeta Amarilla,28
E-0299,P-021,Sustitución,46
E-0300,P-021,Sustitución,46
E-0301,P-021,Sustitución,49
E-0302,P-021,Sustitución,53
E-0303,P-021,Sustitución,53
E-0304,P-021,Gol,55
E-0305,P-021,Sustitución,56
E-0306,P-021,Sustitución,57
E-0307,P-021,Sustitución,58
E-0308,P-021,Tarjeta Amarilla,60
E-0309,P-021,Gol,68
E-0310,P-021,Tarjeta Amarilla,82
E-0311,P-021,Tarjeta Amarilla,88
E-0312,P-022,Gol,1
E-0313,P-022,Gol,4
E-0314,P-022,Tarjeta Amarilla,12
E-0315,P-022,Tarjeta Amarilla,26
E-0316,P-022,Tarjeta Amarilla,45
E-0317,P-022,Sustitución,51
E-0318,P-022,Sustitución,57
E-0319,P-022,Sustitución,59
E-0320,P-022,Sustitución,60
E-0321,P-022,Sustitución,60
E-0322,P-022,Sustitución,63
E-0323,P-022,Gol,63
E-0324,P-022,Sustitución,64
E-0325,P-022,Sustitución,65
E-0326,P-022,Tarjeta Amarilla,70
E-0327,P-022,Tarjeta Amarilla,74
E-0328,P-023,Tarjeta Amarilla,8
E-0329,P-023,Tarjeta Amarilla,29
E-0330,P-023,Sustitución,46
E-0331,P-023,Sustitución,54
E-0332,P-023,Sustitución,55
E-0333,P-023,Gol,56
E-0334,P-023,Sustitución,57
E-0335,P-023,Sustitución,59
E-0336,P-023,Sustitución,60
E-0337,P-023,Sustitución,62
E-0338,P-023,Sustitución,65
E-0339,P-023,Sustitución,67
E-0340,P-023,Sustitución,70
E-0341,P-024,Tarjeta Amarilla,29
E-0342,P-024,Tarjeta Amarilla,48
E-0343,P-024,Gol,50
E-0344,P-024,Sustitución,51
E-0345,P-024,Sustitución,52
E-0346,P-024,Sustitución,53
E-0347,P-024,Sustitución,58
E-0348,P-024,Sustitución,59
E-0349,P-024,Sustitución,61
E-0350,P-024,Sustitución,62
E-0351,P-024,Sustitución,70
E-0352,P-024,Tarjeta Amarilla,70
E-0353,P-024,Tarjeta Amarilla,79
E-0354,P-024,Gol,86
E-0355,P-025,Gol,2
E-0356,P-025,Gol,17
E-0357,P-025,Gol,40
E-0358,P-025,Gol,42
E-0359,P-025,Tarjeta Amarilla,45
E-0360,P-025,Sustitución,53
E-0361,P-025,Sustitución,57
E-0362,P-025,Sustitución,57
E-0363,P-025,Sustitución,58
E-0364,P-025,Sustitución,61
E-0365,P-025,Sustitución,61
E-0366,P-025,Sustitución,65
E-0367,P-025,Tarjeta Amarilla,66
E-0368,P-025,Sustitución,68
E-0369,P-026,Gol,2
E-0370,P-026,Tarjeta Amarilla,15
E-0371,P-026,Gol,19
E-0372,P-026,Tarjeta Amarilla,40
E-0373,P-026,Gol,41
E-0374,P-026,Sustitución,53
E-0375,P-026,Sustitución,55
E-0376,P-026,Tarjeta Amarilla,55
E-0377,P-026,Sustitución,59
E-0378,P-026,Sustitución,60
E-0379,P-026,Sustitución,64
E-0380,P-026,Sustitución,66
E-0381,P-026,Tarjeta Amarilla,69
E-0382,P-026,Gol,70
E-0383,P-026,Sustitución,73
E-0384,P-026,Tarjeta Amarilla,77
E-0385,P-027,Tarjeta Amarilla,7
E-0386,P-027,Gol,17
E-0387,P-027,Tarjeta Amarilla,17
E-0388,P-027,Gol,25
E-0389,P-027,Tarjeta Amarilla,29
E-0390,P-027,Tarjeta Amarilla,31
E-0391,P-027,Sustitución,46
E-0392,P-027,Sustitución,49
E-0393,P-027,Sustitución,50
E-0394,P-027,Sustitución,52
E-0395,P-027,Gol,53
E-0396,P-027,Sustitución,56
E-0397,P-027,Sustitución,57
E-0398,P-027,Sustitución,58
E-0399,P-027,Sustitución,60
E-0400,P-027,Sustitución,60
E-0401,P-027,Gol,61
E-0402,P-028,Tarjeta Amarilla,4
E-0403,P-028,Tarjeta Amarilla,23
E-0404,P-028,Sustitución,47
E-0405,P-028,Sustitución,54
E-0406,P-028,Sustitución,57
E-0407,P-028,Sustitución,57
E-0408,P-028,Sustitución,59
E-0409,P-028,Sustitución,61
E-0410,P-028,Sustitución,63
E-0411,P-028,Sustitución,69
E-0412,P-028,Gol,82
E-0413,P-028,Gol,87
E-0414,P-029,Tarjeta Amarilla,12
E-0415,P-029,Tarjeta Amarilla,16
E-0416,P-029,Tarjeta Amarilla,21
E-0417,P-029,Sustitución,48
E-0418,P-029,Sustitución,50
E-0419,P-029,Sustitución,53
E-0420,P-029,Sustitución,56
E-0421,P-029,Sustitución,60
E-0422,P-029,Sustitución,67
E-0423,P-029,Sustitución,74
E-0424,P-029,Sustitución,81
E-0425,P-029,Tarjeta Amarilla,88
E-0426,P-030,Tarjeta Amarilla,2
E-0427,P-030,Tarjeta Amarilla,20
E-0428,P-030,Tarjeta Amarilla,23
E-0429,P-030,Tarjeta Amarilla,29
E-0430,P-030,Gol,30
E-0431,P-030,Gol,39
E-0432,P-030,Gol,46
E-0433,P-030,Gol,48
E-0434,P-030,Tarjeta Amarilla,54
E-0435,P-030,Sustitución,58
E-0436,P-030,Sustitución,59
E-0437,P-030,Sustitución,59
E-0438,P-030,Sustitución,66
E-0439,P-030,Sustitución,66
E-0440,P-030,Sustitución,73
E-0441,P-030,Sustitución,74
E-0442,P-030,Sustitución,75
E-0443,P-030,Sustitución,77
E-0444,P-030,Sustitución,78
E-0445,P-030,Tarjeta Roja,82
E-0446,P-031,Tarjeta Amarilla,16
E-0447,P-031,Tarjeta Amarilla,38
E-0448,P-031,Sustitución,51
E-0449,P-031,Sustitución,51
E-0450,P-031,Sustitución,57
E-0451,P-031,Sustitución,59
E-0452,P-031,Sustitución,61
E-0453,P-031,Sustitución,64
E-0454,P-031,Gol,64
E-0455,P-031,Sustitución,68
E-0456,P-031,Sustitución,69
E-0457,P-031,Tarjeta Amarilla,70
E-0458,P-031,Gol,72
E-0459,P-031,Sustitución,76
E-0460,P-031,Tarjeta Amarilla,78
E-0461,P-032,Tarjeta Amarilla,40
E-0462,P-032,Sustitución,47
E-0463,P-032,Sustitución,50
E-0464,P-032,Sustitución,52
E-0465,P-032,Sustitución,54
E-0466,P-032,Sustitución,57
E-0467,P-032,Sustitución,57
E-0468,P-032,Sustitución,61
E-0469,P-032,Gol,70
E-0470,P-032,Tarjeta Amarilla,73
E-0471,P-033,Gol,9
E-0472,P-033,Gol,24
E-0473,P-033,Sustitución,53
E-0474,P-033,Sustitución,55
E-0475,P-033,Sustitución,60
E-0476,P-033,Sustitución,60
E-0477,P-033,Gol,61
E-0478,P-033,Gol,63
E-0479,P-033,Sustitución,67
E-0480,P-033,Tarjeta Amarilla,69
E-0481,P-033,Sustitución,73
E-0482,P-033,Sustitución,76
E-0483,P-033,Tarjeta Amarilla,78
E-0484,P-033,Gol,82
E-0485,P-034,Tarjeta Amarilla,36
E-0486,P-034,Sustitución,51
E-0487,P-034,Sustitución,56
E-0488,P-034,Sustitución,58
E-0489,P-034,Sustitución,62
E-0490,P-034,Sustitución,65
E-0491,P-034,Sustitución,67
E-0492,P-034,Sustitución,69
E-0493,P-034,Sustitución,72
E-0494,P-034,Sustitución,74
E-0495,P-034,Tarjeta Amarilla,78
E-0496,P-034,Tarjeta Amarilla,80
E-0497,P-034,Tarjeta Amarilla,81
E-0498,P-034,Sustitución,82
E-0499,P-034,Tarjeta Amarilla,82
E-0500,P-035,Gol,3
E-0501,P-035,Gol,38
E-0502,P-035,Sustitución,51
E-0503,P-035,Sustitución,55
E-0504,P-035,Sustitución,56
E-0505,P-035,Sustitución,58
E-0506,P-035,Sustitución,59
E-0507,P-035,Sustitución,60
E-0508,P-035,Sustitución,60
E-0509,P-035,Sustitución,63
E-0510,P-035,Sustitución,65
E-0511,P-035,Tarjeta Amarilla,69
E-0512,P-035,Sustitución,70
E-0513,P-035,Gol,71
E-0514,P-035,Tarjeta Amarilla,80
E-0515,P-036,Tarjeta Amarilla,23
E-0516,P-036,Tarjeta Amarilla,23
E-0517,P-036,Tarjeta Amarilla,23
E-0518,P-036,Tarjeta Amarilla,35
E-0519,P-036,Sustitución,47
E-0520,P-036,Sustitución,52
E-0521,P-036,Sustitución,55
E-0522,P-036,Sustitución,56
E-0523,P-036,Sustitución,56
E-0524,P-036,Sustitución,57
E-0525,P-036,Sustitución,65
E-0526,P-036,Sustitución,68
E-0527,P-036,Gol,83
E-0528,P-036,Tarjeta Amarilla,85
E-0529,P-036,Tarjeta Roja,86
E-0530,P-037,Tarjeta Amarilla,9
E-0531,P-037,Tarjeta Amarilla,25
E-0532,P-037,Gol,27
E-0533,P-037,Sustitución,52
E-0534,P-037,Sustitución,55
E-0535,P-037,Gol,59
E-0536,P-037,Sustitución,60
E-0537,P-037,Sustitución,62
E-0538,P-037,Sustitución,62
E-0539,P-037,Sustitución,63
E-0540,P-037,Sustitución,67
E-0541,P-037,Tarjeta Roja,85
E-0542,P-038,Gol,4
E-0543,P-038,Tarjeta Amarilla,11
E-0544,P-038,Gol,36
E-0545,P-038,Tarjeta Amarilla,40
E-0546,P-038,Tarjeta Amarilla,57
E-0547,P-038,Sustitución,60
E-0548,P-038,Sustitución,60
E-0549,P-038,Sustitución,62
E-0550,P-038,Gol,62
E-0551,P-038,Sustitución,64
E-0552,P-038,Sustitución,65
E-0553,P-038,Sustitución,68
E-0554,P-038,Gol,68
E-0555,P-038,Tarjeta Amarilla,85
E-0556,P-039,Gol,26
E-0557,P-039,Tarjeta Amarilla,29
E-0558,P-039,Sustitución,56
E-0559,P-039,Sustitución,58
E-0560,P-039,Sustitución,60
E-0561,P-039,Sustitución,61
E-0562,P-039,Sustitución,62
E-0563,P-039,Sustitución,66
E-0564,P-039,Sustitución,66
E-0565,P-039,Sustitución,69
E-0566,P-039,Sustitución,72
E-0567,P-039,Sustitución,74
E-0568,P-039,Tarjeta Amarilla,89
E-0569,P-040,Tarjeta Amarilla,4
E-0570,P-040,Tarjeta Amarilla,9
E-0571,P-040,Gol,29
E-0572,P-040,Sustitución,46
E-0573,P-040,Sustitución,52
E-0574,P-040,Sustitución,54
E-0575,P-040,Sustitución,57
E-0576,P-040,Sustitución,59
E-0577,P-040,Sustitución,60
E-0578,P-040,Sustitución,68
E-0579,P-040,Tarjeta Amarilla,79
E-0580,P-040,Gol,83
E-0581,P-041,Tarjeta Amarilla,10
E-0582,P-041,Gol,19
E-0583,P-041,Tarjeta Amarilla,24
E-0584,P-041,Sustitución,50
E-0585,P-041,Sustitución,55
E-0586,P-041,Sustitución,56
E-0587,P-041,Sustitución,57
E-0588,P-041,Sustitución,58
E-0589,P-041,Sustitución,59
E-0590,P-041,Sustitución,60
E-0591,P-041,Gol,65
E-0592,P-041,Sustitución,66
E-0593,P-041,Tarjeta Amarilla,71
E-0594,P-041,Gol,76
E-0595,P-041,Tarjeta Amarilla,89
E-0596,P-041,Gol,90
E-0597,P-042,Tarjeta Amarilla,4
E-0598,P-042,Gol,10
E-0599,P-042,Tarjeta Amarilla,13
E-0600,P-042,Sustitución,56
E-0601,P-042,Sustitución,57
E-0602,P-042,Sustitución,58
E-0603,P-042,Sustitución,59
E-0604,P-042,Sustitución,65
E-0605,P-042,Sustitución,67
E-0606,P-042,Sustitución,73
E-0607,P-042,Gol,88
E-0608,P-043,Gol,1
E-0609,P-043,Tarjeta Amarilla,5
E-0610,P-043,Gol,29
E-0611,P-043,Tarjeta Amarilla,41
E-0612,P-043,Sustitución,47
E-0613,P-043,Sustitución,48
E-0614,P-043,Sustitución,48
E-0615,P-043,Sustitución,56
E-0616,P-043,Sustitución,56
E-0617,P-043,Sustitución,59
E-0618,P-043,Sustitución,63
E-0619,P-043,Sustitución,65
E-0620,P-043,Tarjeta Amarilla,71
E-0621,P-043,Sustitución,73
E-0622,P-044,Tarjeta Amarilla,13
E-0623,P-044,Gol,16
E-0624,P-044,Tarjeta Amarilla,29
E-0625,P-044,Gol,35
E-0626,P-044,Sustitución,53
E-0627,P-044,Sustitución,54
E-0628,P-044,Sustitución,54
E-0629,P-044,Sustitución,55
E-0630,P-044,Sustitución,59
E-0631,P-044,Tarjeta Amarilla,59
E-0632,P-044,Sustitución,63
E-0633,P-044,Sustitución,66
E-0634,P-044,Sustitución,70
E-0635,P-044,Sustitución,70
E-0636,P-044,Gol,85
E-0637,P-044,Tarjeta Amarilla,88
E-0638,P-044,Tarjeta Amarilla,90
E-0639,P-045,Tarjeta Amarilla,15
E-0640,P-045,Tarjeta Amarilla,31
E-0641,P-045,Gol,36
E-0642,P-045,Tarjeta Amarilla,36
E-0643,P-045,Gol,46
E-0644,P-045,Sustitución,57
E-0645,P-045,Sustitución,60
E-0646,P-045,Sustitución,60
E-0647,P-045,Sustitución,67
E-0648,P-045,Sustitución,68
E-0649,P-045,Sustitución,70
E-0650,P-045,Gol,70
E-0651,P-045,Sustitución,75
E-0652,P-045,Sustitución,76
E-0653,P-045,Tarjeta Amarilla,84
E-0654,P-046,Gol,7
E-0655,P-046,Tarjeta Amarilla,15
E-0656,P-046,Gol,17
E-0657,P-046,Gol,24
E-0658,P-046,Tarjeta Amarilla,42
E-0659,P-046,Sustitución,48
E-0660,P-046,Sustitución,52
E-0661,P-046,Sustitución,53
E-0662,P-046,Sustitución,55
E-0663,P-046,Sustitución,60
E-0664,P-046,Sustitución,60
E-0665,P-046,Sustitución,61
E-0666,P-046,Sustitución,67
E-0667,P-046,Sustitución,71
E-0668,P-046,Gol,82
E-0669,P-047,Gol,7
E-0670,P-047,Tarjeta Amarilla,16
E-0671,P-047,Tarjeta Amarilla,31
E-0672,P-047,Gol,36
E-0673,P-047,Sustitución,46
E-0674,P-047,Gol,47
E-0675,P-047,Sustitución,51
E-0676,P-047,Sustitución,53
E-0677,P-047,Sustitución,54
E-0678,P-047,Sustitución,57
E-0679,P-047,Sustitución,58
E-0680,P-047,Sustitución,64
E-0681,P-047,Gol,67
E-0682,P-047,Sustitución,69
E-0683,P-047,Tarjeta Amarilla,71
E-0684,P-047,Tarjeta Amarilla,78
E-0685,P-047,Tarjeta Amarilla,78
E-0686,P-047,Gol,88
E-0687,P-048,Tarjeta Amarilla,10
E-0688,P-048,Tarjeta Amarilla,17
E-0689,P-048,Tarjeta Amarilla,28
E-0690,P-048,Tarjeta Amarilla,31
E-0691,P-048,Gol,39
E-0692,P-048,Tarjeta Amarilla,39
E-0693,P-048,Gol,44
E-0694,P-048,Sustitución,47
E-0695,P-048,Sustitución,53
E-0696,P-048,Sustitución,55
E-0697,P-048,Sustitución,58
E-0698,P-048,Sustitución,63
E-0699,P-048,Sustitución,63
E-0700,P-048,Gol,73
E-0701,P-048,Gol,77
E-0702,P-048,Gol,87
E-0703,P-049,Gol,4
E-0704,P-049,Tarjeta Amarilla,28
E-0705,P-049,Gol,33
E-0706,P-049,Tarjeta Amarilla,44
E-0707,P-049,Sustitución,55
E-0708,P-049,Tarjeta Amarilla,55
E-0709,P-049,Tarjeta Amarilla,56
E-0710,P-049,Sustitución,58
E-0711,P-049,Gol,59
E-0712,P-049,Sustitución,62
E-0713,P-049,Sustitución,62
E-0714,P-049,Sustitución,65
E-0715,P-049,Sustitución,68
E-0716,P-049,Sustitución,70
E-0717,P-049,Gol,76
E-0718,P-049,Sustitución,77
E-0719,P-049,Tarjeta Amarilla,81
E-0720,P-050,Gol,18
E-0721,P-050,Tarjeta Amarilla,25
E-0722,P-050,Gol,29
E-0723,P-050,Tarjeta Amarilla,30
E-0724,P-050,Sustitución,55
E-0725,P-050,Sustitución,56
E-0726,P-050,Tarjeta Amarilla,58
E-0727,P-050,Sustitución,60
E-0728,P-050,Sustitución,61
E-0729,P-050,Sustitución,62
E-0730,P-050,Gol,65
E-0731,P-050,Sustitución,68
E-0732,P-050,Tarjeta Amarilla,69
E-0733,P-051,Tarjeta Amarilla,5
E-0734,P-051,Gol,6
E-0735,P-051,Tarjeta Amarilla,12
E-0736,P-051,Tarjeta Amarilla,41
E-0737,P-051,Tarjeta Amarilla,45
E-0738,P-051,Sustitución,48
E-0739,P-051,Sustitución,50
E-0740,P-051,Sustitución,53
E-0741,P-051,Sustitución,54
E-0742,P-051,Sustitución,55
E-0743,P-051,Gol,55
E-0744,P-051,Sustitución,61
E-0745,P-051,Sustitución,62
E-0746,P-051,Sustitución,67
E-0747,P-051,Tarjeta Amarilla,70
E-0748,P-052,Tarjeta Amarilla,32
E-0749,P-052,Sustitución,48
E-0750,P-052,Sustitución,54
E-0751,P-052,Sustitución,55
E-0752,P-052,Sustitución,58
E-0753,P-052,Sustitución,61
E-0754,P-052,Tarjeta Roja,61
E-0755,P-052,Sustitución,65
E-0756,P-052,Sustitución,69
E-0757,P-052,Sustitución,73
E-0758,P-052,Gol,84
E-0759,P-052,Tarjeta Amarilla,85
E-0760,P-052,Gol,87
E-0761,P-053,Gol,47
E-0762,P-053,Sustitución,59
E-0763,P-053,Sustitución,60
E-0764,P-053,Tarjeta Amarilla,60
E-0765,P-053,Gol,63
E-0766,P-053,Gol,65
E-0767,P-053,Sustitución,66
E-0768,P-053,Sustitución,67
E-0769,P-053,Sustitución,70
E-0770,P-053,Tarjeta Amarilla,71
E-0771,P-053,Sustitución,75
E-0772,P-053,Sustitución,76
E-0773,P-053,Sustitución,79
E-0774,P-053,Sustitución,80
E-0775,P-053,Sustitución,86
E-0776,P-054,Gol,14
E-0777,P-054,Tarjeta Amarilla,36
E-0778,P-054,Gol,38
E-0779,P-054,Sustitución,54
E-0780,P-054,Sustitución,57
E-0781,P-054,Sustitución,60
E-0782,P-054,Sustitución,60
E-0783,P-054,Sustitución,62
E-0784,P-054,Sustitución,64
E-0785,P-054,Sustitución,67
E-0786,P-054,Sustitución,69
E-0787,P-054,Tarjeta Amarilla,69
E-0788,P-054,Sustitución,71
E-0789,P-054,Sustitución,72
E-0790,P-054,Tarjeta Amarilla,74
E-0791,P-055,Tarjeta Amarilla,16
E-0792,P-055,Gol,37
E-0793,P-055,Tarjeta Amarilla,53
E-0794,P-055,Sustitución,57
E-0795,P-055,Sustitución,58
E-0796,P-055,Sustitución,60
E-0797,P-055,Sustitución,60
E-0798,P-055,Gol,65
E-0799,P-055,Sustitución,66
E-0800,P-055,Sustitución,67
E-0801,P-055,Sustitución,74
E-0802,P-055,Sustitución,74
E-0803,P-055,Sustitución,76
E-0804,P-055,Tarjeta Amarilla,77
E-0805,P-055,Sustitución,80
E-0806,P-056,Tarjeta Amarilla,31
E-0807,P-056,Tarjeta Amarilla,31
E-0808,P-056,Tarjeta Amarilla,34
E-0809,P-056,Gol,45
E-0810,P-056,Sustitución,46
E-0811,P-056,Gol,46
E-0812,P-056,Sustitución,47
E-0813,P-056,Sustitución,48
E-0814,P-056,Sustitución,49
E-0815,P-056,Sustitución,50
E-0816,P-056,Sustitución,52
E-0817,P-056,Sustitución,56
E-0818,P-056,Gol,60
E-0819,P-056,Sustitución,62
E-0820,P-056,Tarjeta Amarilla,62
E-0821,P-056,Tarjeta Amarilla,76
E-0822,P-057,Gol,16
E-0823,P-057,Sustitución,53
E-0824,P-057,Tarjeta Amarilla,53
E-0825,P-057,Gol,54
E-0826,P-057,Sustitución,60
E-0827,P-057,Sustitución,61
E-0828,P-057,Sustitución,63
E-0829,P-057,Gol,64
E-0830,P-057,Sustitución,65
E-0831,P-057,Gol,66
E-0832,P-057,Sustitución,68
E-0833,P-057,Sustitución,69
E-0834,P-057,Gol,74
E-0835,P-057,Tarjeta Amarilla,89
E-0836,P-058,Sustitución,47
E-0837,P-058,Sustitución,54
E-0838,P-058,Tarjeta Amarilla,58
E-0839,P-058,Sustitución,59
E-0840,P-058,Gol,59
E-0841,P-058,Sustitución,62
E-0842,P-058,Sustitución,63
E-0843,P-058,Tarjeta Amarilla,63
E-0844,P-058,Sustitución,67
E-0845,P-058,Sustitución,68
E-0846,P-058,Sustitución,75
E-0847,P-059,Tarjeta Amarilla,3
E-0848,P-059,Tarjeta Amarilla,16
E-0849,P-059,Gol,19
E-0850,P-059,Tarjeta Amarilla,22
E-0851,P-059,Sustitución,46
E-0852,P-059,Sustitución,51
E-0853,P-059,Sustitución,52
E-0854,P-059,Tarjeta Amarilla,54
E-0855,P-059,Sustitución,56
E-0856,P-059,Sustitución,57
E-0857,P-059,Sustitución,60
E-0858,P-059,Sustitución,63
E-0859,P-059,Tarjeta Amarilla,64
E-0860,P-059,Gol,76
E-0861,P-060,Tarjeta Amarilla,3
E-0862,P-060,Gol,4
E-0863,P-060,Tarjeta Amarilla,6
E-0864,P-060,Gol,28
E-0865,P-060,Tarjeta Amarilla,35
E-0866,P-060,Gol,52
E-0867,P-060,Sustitución,54
E-0868,P-060,Sustitución,57
E-0869,P-060,Sustitución,58
E-0870,P-060,Sustitución,64
E-0871,P-060,Sustitución,65
E-0872,P-060,Sustitución,65
E-0873,P-060,Tarjeta Amarilla,74
E-0874,P-060,Tarjeta Amarilla,82
E-0875,P-061,Tarjeta Amarilla,7
E-0876,P-061,Gol,21
E-0877,P-061,Gol,25
E-0878,P-061,Gol,45
E-0879,P-061,Sustitución,59
E-0880,P-061,Sustitución,60
E-0881,P-061,Tarjeta Amarilla,61
E-0882,P-061,Sustitución,63
E-0883,P-061,Sustitución,64
E-0884,P-061,Sustitución,67
E-0885,P-061,Sustitución,69
E-0886,P-061,Sustitución,73
E-0887,P-061,Sustitución,74
E-0888,P-061,Sustitución,77
E-0889,P-061,Tarjeta Amarilla,82
E-0890,P-061,Sustitución,85
E-0891,P-062,Gol,37
E-0892,P-062,Tarjeta Amarilla,38
E-0893,P-062,Gol,45
E-0894,P-062,Sustitución,47
E-0895,P-062,Sustitución,50
E-0896,P-062,Sustitución,54
E-0897,P-062,Sustitución,55
E-0898,P-062,Sustitución,56
E-0899,P-062,Sustitución,58
E-0900,P-062,Tarjeta Amarilla,59
E-0901,P-062,Sustitución,62
E-0902,P-062,Gol,63
E-0903,P-062,Sustitución,64
E-0904,P-062,Sustitución,67
E-0905,P-063,Tarjeta Amarilla,9
E-0906,P-063,Tarjeta Amarilla,17
E-0907,P-063,Gol,41
E-0908,P-063,Sustitución,50
E-0909,P-063,Sustitución,56
E-0910,P-063,Sustitución,56
E-0911,P-063,Sustitución,60
E-0912,P-063,Sustitución,62
E-0913,P-063,Sustitución,68
E-0914,P-063,Tarjeta Amarilla,81
E-0915,P-063,Tarjeta Amarilla,83
E-0916,P-064,Tarjeta Amarilla,32
E-0917,P-064,Tarjeta Amarilla,34
E-0918,P-064,Gol,35
E-0919,P-064,Sustitución,47
E-0920,P-064,Sustitución,54
E-0921,P-064,Tarjeta Amarilla,56
E-0922,P-064,Sustitución,60
E-0923,P-064,Sustitución,60
E-0924,P-064,Tarjeta Amarilla,61
E-0925,P-064,Gol,63
E-0926,P-064,Sustitución,67
E-0927,P-064,Sustitución,74
E-0928,P-064,Gol,82
E-0929,P-064,Tarjeta Amarilla,85
E-0930,P-065,Gol,5
E-0931,P-065,Gol,6
E-0932,P-065,Tarjeta Amarilla,12
E-0933,P-065,Gol,22
E-0934,P-065,Sustitución,54
E-0935,P-065,Sustitución,57
E-0936,P-065,Sustitución,59
E-0937,P-065,Gol,61
E-0938,P-065,Sustitución,62
E-0939,P-065,Gol,62
E-0940,P-065,Sustitución,67
E-0941,P-065,Sustitución,68
E-0942,P-065,Sustitución,68
E-0943,P-065,Sustitución,71
E-0944,P-065,Tarjeta Amarilla,72
E-0945,P-065,Sustitución,74
E-0946,P-065,Tarjeta Amarilla,74
E-0947,P-065,Tarjeta Amarilla,75
E-0948,P-065,Tarjeta Amarilla,82
E-0949,P-065,Gol,90
E-0950,P-066,Tarjeta Amarilla,15
E-0951,P-066,Gol,22
E-0952,P-066,Tarjeta Amarilla,32
E-0953,P-066,Gol,34
E-0954,P-066,Sustitución,48
E-0955,P-066,Sustitución,53
E-0956,P-066,Gol,53
E-0957,P-066,Sustitución,57
E-0958,P-066,Sustitución,60
E-0959,P-066,Sustitución,61
E-0960,P-066,Tarjeta Amarilla,61
E-0961,P-066,Tarjeta Amarilla,62
E-0962,P-066,Sustitución,68
E-0963,P-066,Sustitución,70
E-0964,P-066,Sustitución,77
E-0965,P-066,Gol,77
E-0966,P-067,Gol,17
E-0967,P-067,Tarjeta Amarilla,21
E-0968,P-067,Tarjeta Amarilla,37
E-0969,P-067,Sustitución,46
E-0970,P-067,Sustitución,47
E-0971,P-067,Gol,47
E-0972,P-067,Sustitución,50
E-0973,P-067,Sustitución,53
E-0974,P-067,Sustitución,54
E-0975,P-067,Sustitución,56
E-0976,P-067,Sustitución,63
E-0977,P-067,Sustitución,70
E-0978,P-067,Tarjeta Amarilla,82
E-0979,P-068,Tarjeta Amarilla,5
E-0980,P-068,Gol,11
E-0981,P-068,Gol,16
E-0982,P-068,Tarjeta Amarilla,24
E-0983,P-068,Tarjeta Amarilla,36
E-0984,P-068,Gol,37
E-0985,P-068,Tarjeta Amarilla,44
E-0986,P-068,Gol,53
E-0987,P-068,Gol,53
E-0988,P-068,Sustitución,57
E-0989,P-068,Sustitución,59
E-0990,P-068,Sustitución,61
E-0991,P-068,Sustitución,62
E-0992,P-068,Tarjeta Amarilla,64
E-0993,P-068,Sustitución,68
E-0994,P-068,Sustitución,69
E-0995,P-068,Sustitución,75
E-0996,P-068,Sustitución,76
E-0997,P-068,Gol,79
E-0998,P-068,Sustitución,83
E-0999,P-069,Tarjeta Amarilla,7
E-1000,P-069,Gol,17
E-1001,P-069,Tarjeta Amarilla,22
E-1002,P-069,Tarjeta Amarilla,33
E-1003,P-069,Gol,40
E-1004,P-069,Sustitución,51
E-1005,P-069,Sustitución,55
E-1006,P-069,Sustitución,57
E-1007,P-069,Sustitución,60
E-1008,P-069,Sustitución,61
E-1009,P-069,Sustitución,62
E-1010,P-069,Sustitución,64
E-1011,P-069,Tarjeta Amarilla,64
E-1012,P-069,Gol,75
E-1013,P-070,Gol,1
E-1014,P-070,Tarjeta Amarilla,7
E-1015,P-070,Tarjeta Amarilla,20
E-1016,P-070,Tarjeta Amarilla,33
E-1017,P-070,Sustitución,47
E-1018,P-070,Tarjeta Amarilla,47
E-1019,P-070,Gol,48
E-1020,P-070,Sustitución,50
E-1021,P-070,Sustitución,55
E-1022,P-070,Sustitución,55
E-1023,P-070,Tarjeta Amarilla,59
E-1024,P-070,Sustitución,62
E-1025,P-070,Sustitución,63
E-1026,P-070,Sustitución,65
E-1027,P-070,Sustitución,68
E-1028,P-071,Tarjeta Amarilla,5
E-1029,P-071,Gol,28
E-1030,P-071,Tarjeta Amarilla,45
E-1031,P-071,Tarjeta Amarilla,47
E-1032,P-071,Sustitución,53
E-1033,P-071,Sustitución,55
E-1034,P-071,Sustitución,56
E-1035,P-071,Gol,57
E-1036,P-071,Sustitución,58
E-1037,P-071,Sustitución,58
E-1038,P-071,Sustitución,61
E-1039,P-071,Sustitución,66
E-1040,P-071,Gol,78
E-1041,P-071,Tarjeta Amarilla,84
E-1042,P-072,Tarjeta Amarilla,2
E-1043,P-072,Gol,6
E-1044,P-072,Tarjeta Amarilla,12
E-1045,P-072,Gol,16
E-1046,P-072,Gol,20
E-1047,P-072,Tarjeta Amarilla,43
E-1048,P-072,Sustitución,48
E-1049,P-072,Sustitución,53
E-1050,P-072,Sustitución,56
E-1051,P-072,Sustitución,59
E-1052,P-072,Sustitución,62
E-1053,P-072,Sustitución,64
E-1054,P-072,Gol,65
E-1055,P-072,Tarjeta Amarilla,73
E-1056,P-072,Gol,76
E-1057,P-072,Tarjeta Amarilla,76
E-1058,P-073,Gol,11
E-1059,P-073,Gol,11
E-1060,P-073,Tarjeta Amarilla,30
E-1061,P-073,Tarjeta Amarilla,34
E-1062,P-073,Sustitución,46
E-1063,P-073,Sustitución,47
E-1064,P-073,Sustitución,51
E-1065,P-073,Sustitución,52
E-1066,P-073,Sustitución,52
E-1067,P-073,Sustitución,53
E-1068,P-073,Sustitución,58
E-1069,P-073,Tarjeta Amarilla,78
E-1070,P-074,Tarjeta Amarilla,4
E-1071,P-074,Tarjeta Amarilla,7
E-1072,P-074,Gol,19
E-1073,P-074,Tarjeta Amarilla,53
E-1074,P-074,Gol,55
E-1075,P-074,Sustitución,56
E-1076,P-074,Sustitución,57
E-1077,P-074,Sustitución,62
E-1078,P-074,Sustitución,62
E-1079,P-074,Sustitución,64
E-1080,P-074,Sustitución,65
E-1081,P-074,Sustitución,65
E-1082,P-074,Sustitución,67
E-1083,P-074,Gol,71
E-1084,P-074,Sustitución,74
E-1085,P-074,Tarjeta Amarilla,80
E-1086,P-075,Tarjeta Amarilla,41
E-1087,P-075,Sustitución,47
E-1088,P-075,Sustitución,50
E-1089,P-075,Sustitución,56
E-1090,P-075,Sustitución,57
E-1091,P-075,Sustitución,58
E-1092,P-075,Tarjeta Amarilla,59
E-1093,P-075,Tarjeta Roja,64
E-1094,P-075,Sustitución,66
E-1095,P-075,Sustitución,69
E-1096,P-075,Gol,72
E-1097,P-075,Tarjeta Amarilla,77
E-1098,P-076,Tarjeta Amarilla,21
E-1099,P-076,Tarjeta Amarilla,21
E-1100,P-076,Gol,53
E-1101,P-076,Sustitución,58
E-1102,P-076,Sustitución,59
E-1103,P-076,Sustitución,59
E-1104,P-076,Sustitución,60
E-1105,P-076,Tarjeta Amarilla,61
E-1106,P-076,Sustitución,66
E-1107,P-076,Sustitución,68
E-1108,P-076,Gol,78
E-1109,P-076,Tarjeta Amarilla,80
E-1110,P-077,Gol,40
E-1111,P-077,Sustitución,48
E-1112,P-077,Sustitución,49
E-1113,P-077,Tarjeta Amarilla,49
E-1114,P-077,Sustitución,53
E-1115,P-077,Sustitución,56
E-1116,P-077,Sustitución,59
E-1117,P-077,Sustitución,61
E-1118,P-077,Sustitución,62
E-1119,P-077,Sustitución,68
E-1120,P-077,Gol,68
E-1121,P-077,Sustitución,69
E-1122,P-077,Tarjeta Amarilla,72
E-1123,P-077,Gol,75
E-1124,P-078,Gol,19
E-1125,P-078,Tarjeta Amarilla,41
E-1126,P-078,Gol,43
E-1127,P-078,Gol,46
E-1128,P-078,Sustitución,52
E-1129,P-078,Sustitución,53
E-1130,P-078,Sustitución,59
E-1131,P-078,Sustitución,60
E-1132,P-078,Sustitución,63
E-1133,P-078,Sustitución,65
E-1134,P-078,Sustitución,70
E-1135,P-078,Sustitución,71
E-1136,P-078,Sustitución,73
E-1137,P-078,Tarjeta Amarilla,75
E-1138,P-078,Gol,81
E-1139,P-079,Gol,7
E-1140,P-079,Tarjeta Amarilla,15
E-1141,P-079,Tarjeta Amarilla,25
E-1142,P-079,Sustitución,47
E-1143,P-079,Sustitución,48
E-1144,P-079,Sustitución,52
E-1145,P-079,Sustitución,56
E-1146,P-079,Sustitución,57
E-1147,P-079,Sustitución,62
E-1148,P-079,Tarjeta Amarilla,63
E-1149,P-079,Sustitución,68
E-1150,P-079,Tarjeta Amarilla,84
E-1151,P-080,Gol,6
E-1152,P-080,Tarjeta Amarilla,9
E-1153,P-080,Gol,11
E-1154,P-080,Tarjeta Amarilla,16
E-1155,P-080,Tarjeta Amarilla,44
E-1156,P-080,Sustitución,46
E-1157,P-080,Sustitución,48
E-1158,P-080,Sustitución,50
E-1159,P-080,Sustitución,52
E-1160,P-080,Sustitución,55
E-1161,P-080,Sustitución,59
E-1162,P-080,Sustitución,60
E-1163,P-080,Tarjeta Amarilla,60
E-1164,P-080,Sustitución,66
E-1165,P-080,Gol,69
E-1166,P-080,Sustitución,74
E-1167,P-080,Gol,83
E-1168,P-081,Tarjeta Amarilla,8
E-1169,P-081,Gol,12
E-1170,P-081,Tarjeta Amarilla,14
E-1171,P-081,Gol,46
E-1172,P-081,Sustitución,47
E-1173,P-081,Sustitución,54
E-1174,P-081,Sustitución,55
E-1175,P-081,Tarjeta Amarilla,56
E-1176,P-081,Sustitución,58
E-1177,P-081,Sustitución,62
E-1178,P-081,Sustitución,66
E-1179,P-081,Sustitución,68
E-1180,P-081,Sustitución,68
E-1181,P-081,Sustitución,69
E-1182,P-081,Gol,81
E-1183,P-082,Gol,9
E-1184,P-082,Tarjeta Amarilla,17
E-1185,P-082,Gol,21
E-1186,P-082,Tarjeta Amarilla,26
E-1187,P-082,Gol,39
E-1188,P-082,Tarjeta Amarilla,43
E-1189,P-082,Sustitución,51
E-1190,P-082,Gol,56
E-1191,P-082,Sustitución,57
E-1192,P-082,Sustitución,59
E-1193,P-082,Sustitución,60
E-1194,P-082,Sustitución,63
E-1195,P-082,Sustitución,64
E-1196,P-082,Sustitución,67
E-1197,P-082,Sustitución,69
E-1198,P-082,Sustitución,72
E-1199,P-082,Sustitución,77
E-1200,P-082,Tarjeta Amarilla,79
E-1201,P-082,Tarjeta Amarilla,89
E-1202,P-083,Tarjeta Amarilla,7
E-1203,P-083,Gol,10
E-1204,P-083,Gol,21
E-1205,P-083,Gol,54
E-1206,P-083,Sustitución,56
E-1207,P-083,Sustitución,60
E-1208,P-083,Sustitución,61
E-1209,P-083,Sustitución,63
E-1210,P-083,Sustitución,66
E-1211,P-083,Sustitución,67
E-1212,P-083,Sustitución,69
E-1213,P-083,Sustitución,73
E-1214,P-083,Sustitución,74
E-1215,P-083,Gol,76
E-1216,P-083,Tarjeta Amarilla,81
E-1217,P-084,Gol,7
E-1218,P-084,Gol,11
E-1219,P-084,Gol,31
E-1220,P-084,Sustitución,52
E-1221,P-084,Tarjeta Amarilla,52
E-1222,P-084,Tarjeta Amarilla,55
E-1223,P-084,Sustitución,56
E-1224,P-084,Sustitución,57
E-1225,P-084,Sustitución,58
E-1226,P-084,Sustitución,60
E-1227,P-084,Sustitución,67
E-1228,P-084,Sustitución,74
E-1229,P-084,Gol,76
E-1230,P-084,Tarjeta Roja,87
E-1231,P-084,Tarjeta Amarilla,90
E-1232,P-085,Tarjeta Amarilla,12
E-1233,P-085,Tarjeta Amarilla,41
E-1234,P-085,Sustitución,53
E-1235,P-085,Tarjeta Amarilla,53
E-1236,P-085,Sustitución,56
E-1237,P-085,Sustitución,60
E-1238,P-085,Sustitución,61
E-1239,P-085,Sustitución,62
E-1240,P-085,Sustitución,64
E-1241,P-085,Sustitución,72
E-1242,P-085,Tarjeta Amarilla,74
E-1243,P-085,Sustitución,79
E-1244,P-086,Gol,5
E-1245,P-086,Tarjeta Amarilla,14
E-1246,P-086,Tarjeta Amarilla,32
E-1247,P-086,Gol,35
E-1248,P-086,Gol,44
E-1249,P-086,Sustitución,48
E-1250,P-086,Sustitución,51
E-1251,P-086,Sustitución,57
E-1252,P-086,Sustitución,58
E-1253,P-086,Sustitución,62
E-1254,P-086,Sustitución,63
E-1255,P-086,Sustitución,65
E-1256,P-086,Sustitución,70
E-1257,P-087,Tarjeta Amarilla,3
E-1258,P-087,Tarjeta Amarilla,13
E-1259,P-087,Sustitución,46
E-1260,P-087,Sustitución,48
E-1261,P-087,Sustitución,52
E-1262,P-087,Sustitución,57
E-1263,P-087,Sustitución,59
E-1264,P-087,Sustitución,64
E-1265,P-087,Tarjeta Amarilla,84
E-1266,P-087,Tarjeta Amarilla,89
E-1267,P-088,Tarjeta Amarilla,19
E-1268,P-088,Tarjeta Amarilla,57
E-1269,P-088,Sustitución,58
E-1270,P-088,Sustitución,59
E-1271,P-088,Sustitución,61
E-1272,P-088,Sustitución,63
E-1273,P-088,Sustitución,64
E-1274,P-088,Sustitución,66
E-1275,P-088,Sustitución,68
E-1276,P-088,Sustitución,72
E-1277,P-088,Tarjeta Amarilla,86
E-1278,P-089,Gol,15
E-1279,P-089,Gol,22
E-1280,P-089,Tarjeta Amarilla,23
E-1281,P-089,Gol,38
E-1282,P-089,Gol,46
E-1283,P-089,Tarjeta Amarilla,46
E-1284,P-089,Sustitución,59
E-1285,P-089,Sustitución,59
E-1286,P-089,Sustitución,61
E-1287,P-089,Tarjeta Amarilla,62
E-1288,P-089,Sustitución,65
E-1289,P-089,Sustitución,67
E-1290,P-089,Sustitución,67
E-1291,P-089,Sustitución,73
E-1292,P-089,Sustitución,75
E-1293,P-089,Sustitución,82
E-1294,P-089,Sustitución,85
E-1295,P-090,Tarjeta Amarilla,31
E-1296,P-090,Gol,39
E-1297,P-090,Gol,45
E-1298,P-090,Sustitución,47
E-1299,P-090,Tarjeta Amarilla,49
E-1300,P-090,Sustitución,50
E-1301,P-090,Sustitución,52
E-1302,P-090,Sustitución,54
E-1303,P-090,Sustitución,54
E-1304,P-090,Sustitución,57
E-1305,P-090,Sustitución,60
E-1306,P-090,Tarjeta Amarilla,60
E-1307,P-090,Gol,63
E-1308,P-090,Sustitución,65
E-1309,P-090,Tarjeta Amarilla,68
E-1310,P-090,Tarjeta Amarilla,69
E-1311,P-090,Sustitución,70
E-1312,P-091,Tarjeta Amarilla,5
E-1313,P-091,Gol,11
E-1314,P-091,Gol,15
E-1315,P-091,Gol,32
E-1316,P-091,Tarjeta Amarilla,36
E-1317,P-091,Sustitución,47
E-1318,P-091,Tarjeta Amarilla,51
E-1319,P-091,Sustitución,53
E-1320,P-091,Sustitución,57
E-1321,P-091,Sustitución,57
E-1322,P-091,Tarjeta Amarilla,61
E-1323,P-091,Sustitución,64
E-1324,P-091,Sustitución,68
E-1325,P-091,Tarjeta Amarilla,82
E-1326,P-092,Tarjeta Amarilla,16
E-1327,P-092,Tarjeta Amarilla,43
E-1328,P-092,Sustitución,53
E-1329,P-092,Sustitución,53
E-1330,P-092,Sustitución,60
E-1331,P-092,Sustitución,61
E-1332,P-092,Sustitución,62
E-1333,P-092,Sustitución,63
E-1334,P-092,Sustitución,67
E-1335,P-092,Sustitución,70
E-1336,P-092,Sustitución,72
E-1337,P-092,Sustitución,75
E-1338,P-092,Gol,75
E-1339,P-092,Gol,81
E-1340,P-092,Gol,90
E-1341,P-093,Tarjeta Amarilla,44
E-1342,P-093,Sustitución,46
E-1343,P-093,Sustitución,52
E-1344,P-093,Gol,52
E-1345,P-093,Tarjeta Amarilla,53
E-1346,P-093,Sustitución,54
E-1347,P-093,Sustitución,57
E-1348,P-093,Sustitución,59
E-1349,P-093,Sustitución,60
E-1350,P-093,Sustitución,61
E-1351,P-093,Gol,63
E-1352,P-093,Sustitución,65
E-1353,P-093,Tarjeta Amarilla,69
E-1354,P-093,Gol,72
E-1355,P-093,Gol,76
E-1356,P-093,Tarjeta Roja,83
E-1357,P-094,Gol,31
E-1358,P-094,Sustitución,48
E-1359,P-094,Sustitución,52
E-1360,P-094,Tarjeta Amarilla,52
E-1361,P-094,Sustitución,54
E-1362,P-094,Tarjeta Amarilla,56
E-1363,P-094,Sustitución,59
E-1364,P-094,Sustitución,61
E-1365,P-094,Sustitución,67
E-1366,P-094,Sustitución,69
E-1367,P-094,Tarjeta Amarilla,69
E-1368,P-094,Tarjeta Roja,71
E-1369,P-094,Sustitución,72
E-1370,P-094,Sustitución,77
E-1371,P-094,Gol,84
E-1372,P-094,Tarjeta Amarilla,90
E-1373,P-095,Tarjeta Amarilla,2
E-1374,P-095,Gol,26
E-1375,P-095,Sustitución,47
E-1376,P-095,Sustitución,49
E-1377,P-095,Sustitución,54
E-1378,P-095,Sustitución,55
E-1379,P-095,Sustitución,59
E-1380,P-095,Sustitución,60
E-1381,P-095,Sustitución,60
E-1382,P-095,Sustitución,63
E-1383,P-095,Tarjeta Roja,78
E-1384,P-095,Gol,82
E-1385,P-095,Tarjeta Amarilla,84
E-1386,P-096,Tarjeta Amarilla,4
E-1387,P-096,Tarjeta Amarilla,12
E-1388,P-096,Tarjeta Amarilla,28
E-1389,P-096,Tarjeta Amarilla,42
E-1390,P-096,Sustitución,49
E-1391,P-096,Sustitución,50
E-1392,P-096,Sustitución,52
E-1393,P-096,Sustitución,53
E-1394,P-096,Sustitución,55
E-1395,P-096,Sustitución,56
E-1396,P-096,Sustitución,58
E-1397,P-096,Sustitución,58
E-1398,P-096,Sustitución,62
E-1399,P-096,Sustitución,64
E-1400,P-096,Tarjeta Amarilla,70
E-1401,P-097,Tarjeta Amarilla,16
E-1402,P-097,Tarjeta Amarilla,26
E-1403,P-097,Sustitución,47
E-1404,P-097,Tarjeta Amarilla,49
E-1405,P-097,Sustitución,54
E-1406,P-097,Sustitución,56
E-1407,P-097,Sustitución,61
E-1408,P-097,Sustitución,64
E-1409,P-097,Sustitución,66
E-1410,P-097,Tarjeta Roja,66
E-1411,P-097,Gol,69
E-1412,P-097,Sustitución,72
E-1413,P-097,Sustitución,73
E-1414,P-097,Gol,74
E-1415,P-097,Gol,86
E-1416,P-097,Gol,87
E-1417,P-097,Tarjeta Amarilla,87
E-1418,P-098,Sustitución,55
E-1419,P-098,Sustitución,57
E-1420,P-098,Sustitución,58
E-1421,P-098,Sustitución,62
E-1422,P-098,Sustitución,64
E-1423,P-098,Sustitución,64
E-1424,P-098,Sustitución,72
E-1425,P-098,Sustitución,72
E-1426,P-098,Tarjeta Amarilla,76
E-1427,P-098,Tarjeta Amarilla,77
E-1428,P-098,Gol,111
E-1429,P-099,Tarjeta Amarilla,7
E-1430,P-099,Tarjeta Amarilla,9
E-1431,P-099,Sustitución,47
E-1432,P-099,Sustitución,49
E-1433,P-099,Sustitución,54
E-1434,P-099,Sustitución,55
E-1435,P-099,Tarjeta Amarilla,55
E-1436,P-099,Sustitución,61
E-1437,P-099,Sustitución,62
E-1438,P-099,Sustitución,65
E-1439,P-099,Gol,69
E-1440,P-099,Tarjeta Amarilla,72
E-1441,P-099,Tarjeta Amarilla,85
E-1442,P-100,Tarjeta Amarilla,14
E-1443,P-100,Tarjeta Amarilla,32
E-1444,P-100,Gol,48
E-1445,P-100,Sustitución,51
E-1446,P-100,Sustitución,54
E-1447,P-100,Sustitución,57
E-1448,P-100,Sustitución,58
E-1449,P-100,Sustitución,61
E-1450,P-100,Sustitución,62
E-1451,P-100,Sustitución,66
E-1452,P-100,Sustitución,73
E-1453,P-100,Sustitución,77
E-1454,P-100,Gol,88
E-1455,P-101,Gol,15
E-1456,P-101,Tarjeta Amarilla,21
E-1457,P-101,Gol,29
E-1458,P-101,Gol,31
E-1459,P-101,Tarjeta Amarilla,50
E-1460,P-101,Sustitución,51
E-1461,P-101,Sustitución,52
E-1462,P-101,Sustitución,53
E-1463,P-101,Tarjeta Amarilla,53
E-1464,P-101,Tarjeta Amarilla,53
E-1465,P-101,Sustitución,60
E-1466,P-101,Sustitución,61
E-1467,P-101,Sustitución,62
E-1468,P-101,Sustitución,63
E-1469,P-101,Sustitución,68
E-1470,P-101,Sustitución,71
E-1471,P-102,Tarjeta Amarilla,26
E-1472,P-102,Tarjeta Amarilla,30
E-1473,P-102,Tarjeta Amarilla,34
E-1474,P-102,Sustitución,49
E-1475,P-102,Sustitución,51
E-1476,P-102,Sustitución,55
E-1477,P-102,Sustitución,56
E-1478,P-102,Sustitución,59
E-1479,P-102,Sustitución,59
E-1480,P-102,Sustitución,66
E-1481,P-102,Sustitución,69
E-1482,P-102,Gol,71
E-1483,P-102,Gol,72
E-1484,P-102,Tarjeta Amarilla,89
E-1485,P-102,Gol,104
E-1486,P-103,Tarjeta Amarilla,10
E-1487,P-103,Tarjeta Amarilla,31
E-1488,P-103,Sustitución,59
E-1489,P-103,Sustitución,59
E-1490,P-103,Sustitución,61
E-1491,P-103,Sustitución,63
E-1492,P-103,Gol,64
E-1493,P-103,Tarjeta Amarilla,65
E-1494,P-103,Sustitución,66
E-1495,P-103,Gol,66
E-1496,P-103,Sustitución,67
E-1497,P-103,Sustitución,68
E-1498,P-103,Sustitución,71
E-1499,P-103,Sustitución,74
E-1500,P-103,Sustitución,80
E-1501,P-104,Sustitución,49
E-1502,P-104,Sustitución,49
E-1503,P-104,Sustitución,50
E-1504,P-104,Sustitución,51
E-1505,P-104,Sustitución,55
E-1506,P-104,Tarjeta Amarilla,55
E-1507,P-104,Sustitución,57
E-1508,P-104,Tarjeta Amarilla,68
E-1509,P-104,Tarjeta Amarilla,68
E-1510,P-104,Tarjeta Roja,69
E-1511,P-104,Tarjeta Amarilla,82
E-1512,P-104,Gol,97
E-1513,P-105,Tarjeta Amarilla,9
E-1514,P-105,Gol,21
E-1515,P-105,Sustitución,47
E-1516,P-105,Sustitución,54
E-1517,P-105,Sustitución,55
E-1518,P-105,Sustitución,57
E-1519,P-105,Sustitución,59
E-1520,P-105,Sustitución,60
E-1521,P-105,Sustitución,61
E-1522,P-105,Tarjeta Amarilla,83
E-1523,P-105,Gol,89
E-1524,P-106,Tarjeta Amarilla,15
E-1525,P-106,Tarjeta Amarilla,22
E-1526,P-106,Tarjeta Amarilla,36
E-1527,P-106,Sustitución,49
E-1528,P-106,Sustitución,56
E-1529,P-106,Sustitución,58
E-1530,P-106,Sustitución,62
E-1531,P-106,Sustitución,65
E-1532,P-106,Sustitución,65
E-1533,P-106,Gol,67
E-1534,P-106,Sustitución,68
E-1535,P-106,Sustitución,71
E-1536,P-106,Gol,76
E-1537,P-106,Gol,77
E-1538,P-106,Tarjeta Amarilla,77
E-1539,P-106,Gol,83
E-1540,P-106,Gol,105
E-1541,P-107,Tarjeta Amarilla,21
E-1542,P-107,Gol,29
E-1543,P-107,Tarjeta Amarilla,37
E-1544,P-107,Tarjeta Amarilla,40
E-1545,P-107,Sustitución,58
E-1546,P-107,Sustitución,59
E-1547,P-107,Sustitución,63
E-1548,P-107,Sustitución,65
E-1549,P-107,Sustitución,67
E-1550,P-107,Sustitución,71
E-1551,P-107,Sustitución,73
E-1552,P-107,Sustitución,73
E-1553,P-107,Tarjeta Amarilla,73
E-1554,P-107,Sustitución,77
E-1555,P-107,Sustitución,79
E-1556,P-107,Gol,84
E-1557,P-107,Gol,87
E-1558,P-108,Gol,8
E-1559,P-108,Tarjeta Amarilla,31
E-1560,P-108,Tarjeta Amarilla,47
E-1561,P-108,Gol,49
E-1562,P-108,Sustitución,50
E-1563,P-108,Tarjeta Amarilla,52
E-1564,P-108,Sustitución,56
E-1565,P-108,Sustitución,58
E-1566,P-108,Sustitución,58
E-1567,P-108,Sustitución,60
E-1568,P-108,Sustitución,62
E-1569,P-108,Sustitución,65
E-1570,P-108,Sustitución,70
E-1571,P-108,Gol,119
E-1572,P-109,Gol,9
E-1573,P-109,Tarjeta Amarilla,29
E-1574,P-109,Gol,43
E-1575,P-109,Sustitución,50
E-1576,P-109,Sustitución,54
E-1577,P-109,Gol,54
E-1578,P-109,Sustitución,56
E-1579,P-109,Sustitución,58
E-1580,P-109,Sustitución,59
E-1581,P-109,Sustitución,60
E-1582,P-109,Sustitución,63
E-1583,P-109,Tarjeta Amarilla,67
E-1584,P-109,Tarjeta Amarilla,69
E-1585,P-109,Sustitución,71
E-1586,P-109,Sustitución,76
E-1587,P-109,Sustitución,83
E-1588,P-110,Tarjeta Amarilla,16
E-1589,P-110,Tarjeta Amarilla,22
E-1590,P-110,Tarjeta Amarilla,34
E-1591,P-110,Gol,43
E-1592,P-110,Sustitución,50
E-1593,P-110,Sustitución,50
E-1594,P-110,Sustitución,57
E-1595,P-110,Sustitución,58
E-1596,P-110,Sustitución,59
E-1597,P-110,Sustitución,60
E-1598,P-110,Sustitución,63
E-1599,P-110,Tarjeta Amarilla,89
E-1600,P-111,Gol,33
E-1601,P-111,Gol,40
E-1602,P-111,Gol,45
E-1603,P-111,Sustitución,50
E-1604,P-111,Tarjeta Amarilla,52
E-1605,P-111,Sustitución,53
E-1606,P-111,Sustitución,53
E-1607,P-111,Sustitución,54
E-1608,P-111,Sustitución,58
E-1609,P-111,Sustitución,60
E-1610,P-111,Sustitución,62
E-1611,P-111,Sustitución,64
E-1612,P-111,Gol,68
E-1613,P-111,Tarjeta Amarilla,73
E-1614,P-112,Tarjeta Amarilla,28
E-1615,P-112,Gol,34
E-1616,P-112,Sustitución,55
E-1617,P-112,Gol,55
E-1618,P-112,Sustitución,56
E-1619,P-112,Sustitución,59
E-1620,P-112,Sustitución,60
E-1621,P-112,Gol,61
E-1622,P-112,Sustitución,64
E-1623,P-112,Sustitución,68
E-1624,P-112,Sustitución,71
E-1625,P-112,Sustitución,72
E-1626,P-112,Sustitución,76
E-1627,P-112,Tarjeta Amarilla,77
E-1628,P-112,Sustitución,79
E-1629,P-113,Gol,24
E-1630,P-113,Gol,39
E-1631,P-113,Sustitución,47
E-1632,P-113,Sustitución,51
E-1633,P-113,Sustitución,55
E-1634,P-113,Sustitución,56
E-1635,P-113,Sustitución,58
E-1636,P-113,Tarjeta Amarilla,61
E-1637,P-113,Sustitución,63
E-1638,P-113,Sustitución,64
E-1639,P-113,Tarjeta Amarilla,66
E-1640,P-113,Gol,81
E-1641,P-114,Gol,4
E-1642,P-114,Tarjeta Amarilla,33
E-1643,P-114,Tarjeta Amarilla,34
E-1644,P-114,Sustitución,52
E-1645,P-114,Sustitución,56
E-1646,P-114,Sustitución,58
E-1647,P-114,Sustitución,61
E-1648,P-114,Sustitución,63
E-1649,P-114,Sustitución,64
E-1650,P-114,Sustitución,70
E-1651,P-115,Gol,7
E-1652,P-115,Tarjeta Amarilla,15
E-1653,P-115,Tarjeta Amarilla,23
E-1654,P-115,Gol,35
E-1655,P-115,Gol,35
E-1656,P-115,Tarjeta Amarilla,49
E-1657,P-115,Tarjeta Amarilla,49
E-1658,P-115,Sustitución,57
E-1659,P-115,Gol,57
E-1660,P-115,Sustitución,58
E-1661,P-115,Sustitución,59
E-1662,P-115,Sustitución,63
E-1663,P-115,Sustitución,64
E-1664,P-115,Tarjeta Amarilla,67
E-1665,P-115,Sustitución,69
E-1666,P-115,Sustitución,70
E-1667,P-115,Sustitución,76
E-1668,P-115,Sustitución,78
E-1669,P-115,Gol,107
E-1670,P-116,Gol,10
E-1671,P-116,Tarjeta Amarilla,40
E-1672,P-116,Tarjeta Amarilla,44
E-1673,P-116,Gol,50
E-1674,P-116,Sustitución,55
E-1675,P-116,Gol,56
E-1676,P-116,Sustitución,57
E-1677,P-116,Gol,57
E-1678,P-116,Sustitución,58
E-1679,P-116,Sustitución,59
E-1680,P-116,Gol,59
E-1681,P-116,Sustitución,62
E-1682,P-116,Tarjeta Amarilla,63
E-1683,P-116,Sustitución,64
E-1684,P-116,Sustitución,64
E-1685,P-116,Sustitución,69
E-1686,P-116,Gol,71
E-1687,P-116,Tarjeta Amarilla,81
E-1688,P-116,Gol,86
E-1689,P-116,Tarjeta Amarilla,88
E-1690,P-117,Tarjeta Amarilla,7
E-1691,P-117,Gol,36
E-1692,P-117,Tarjeta Amarilla,39
E-1693,P-117,Sustitución,46
E-1694,P-117,Sustitución,51
E-1695,P-117,Sustitución,52
E-1696,P-117,Sustitución,53
E-1697,P-117,Sustitución,54
E-1698,P-117,Sustitución,55
E-1699,P-117,Sustitución,55
E-1700,P-117,Sustitución,57
E-1701,P-117,Tarjeta Amarilla,75
E-1702,P-118,Tarjeta Amarilla,7
E-1703,P-118,Tarjeta Amarilla,7
E-1704,P-118,Tarjeta Amarilla,20
E-1705,P-118,Gol,28
E-1706,P-118,Gol,33
E-1707,P-118,Gol,46
E-1708,P-118,Sustitución,47
E-1709,P-118,Sustitución,51
E-1710,P-118,Sustitución,51
E-1711,P-118,Sustitución,55
E-1712,P-118,Sustitución,57
E-1713,P-118,Sustitución,59
E-1714,P-118,Tarjeta Amarilla,60
E-1715,P-118,Sustitución,63
E-1716,P-118,Sustitución,65
E-1717,P-118,Sustitución,68
E-1718,P-118,Sustitución,69
E-1719,P-118,Tarjeta Amarilla,76
E-1720,P-118,Gol,77
E-1721,P-118,Gol,78
E-1722,P-119,Gol,26
E-1723,P-119,Sustitución,54
E-1724,P-119,Sustitución,55
E-1725,P-119,Sustitución,58
E-1726,P-119,Tarjeta Amarilla,58
E-1727,P-119,Sustitución,63
E-1728,P-119,Tarjeta Amarilla,65
E-1729,P-119,Sustitución,66
E-1730,P-119,Tarjeta Amarilla,68
E-1731,P-119,Tarjeta Roja,70
E-1732,P-119,Sustitución,71
E-1733,P-119,Gol,76
E-1734,P-119,Gol,76
E-1735,P-119,Sustitución,79
E-1736,P-119,Gol,90
E-1737,P-120,Gol,12
E-1738,P-120,Tarjeta Amarilla,19
E-1739,P-120,Gol,21
E-1740,P-120,Tarjeta Amarilla,26
E-1741,P-120,Tarjeta Amarilla,30
E-1742,P-120,Sustitución,53
E-1743,P-120,Sustitución,60
E-1744,P-120,Sustitución,60
E-1745,P-120,Sustitución,62
E-1746,P-120,Sustitución,65
E-1747,P-120,Sustitución,66
E-1748,P-120,Gol,67
E-1749,P-120,Sustitución,69
E-1750,P-120,Sustitución,73
E-1751,P-120,Gol,81
E-1752,P-120,Gol,83
E-1753,P-121,Gol,6
E-1754,P-121,Tarjeta Amarilla,15
E-1755,P-121,Tarjeta Amarilla,20
E-1756,P-121,Gol,27
E-1757,P-121,Tarjeta Amarilla,37
E-1758,P-121,Tarjeta Amarilla,49
E-1759,P-121,Sustitución,50
E-1760,P-121,Sustitución,53
E-1761,P-121,Sustitución,55
E-1762,P-121,Sustitución,55
E-1763,P-121,Sustitución,57
E-1764,P-121,Sustitución,58
E-1765,P-121,Tarjeta Amarilla,58
E-1766,P-121,Sustitución,60
E-1767,P-121,Sustitución,62
E-1768,P-121,Gol,64
E-1769,P-121,Sustitución,65
E-1770,P-122,Gol,1
E-1771,P-122,Gol,9
E-1772,P-122,Tarjeta Amarilla,29
E-1773,P-122,Gol,31
E-1774,P-122,Tarjeta Amarilla,47
E-1775,P-122,Tarjeta Amarilla,50
E-1776,P-122,Gol,51
E-1777,P-122,Sustitución,56
E-1778,P-122,Sustitución,59
E-1779,P-122,Sustitución,61
E-1780,P-122,Sustitución,62
E-1781,P-122,Sustitución,68
E-1782,P-122,Sustitución,69
E-1783,P-122,Gol,70
E-1784,P-122,Sustitución,72
E-1785,P-122,Gol,72
E-1786,P-123,Tarjeta Amarilla,2
E-1787,P-123,Tarjeta Amarilla,16
E-1788,P-123,Tarjeta Amarilla,17
E-1789,P-123,Gol,18
E-1790,P-123,Gol,19
E-1791,P-123,Gol,26
E-1792,P-123,Gol,37
E-1793,P-123,Tarjeta Amarilla,50
E-1794,P-123,Sustitución,53
E-1795,P-123,Tarjeta Amarilla,54
E-1796,P-123,Sustitución,57
E-1797,P-123,Sustitución,59
E-1798,P-123,Sustitución,62
E-1799,P-123,Sustitución,63
E-1800,P-123,Sustitución,66
E-1801,P-123,Sustitución,70
E-1802,P-123,Sustitución,71
E-1803,P-123,Gol,77
E-1804,P-123,Sustitución,78
E-1805,P-123,Sustitución,81
E-1806,P-124,Tarjeta Amarilla,6
E-1807,P-124,Gol,11
E-1808,P-124,Gol,32
E-1809,P-124,Sustitución,49
E-1810,P-124,Sustitución,53
E-1811,P-124,Sustitución,54
E-1812,P-124,Sustitución,58
E-1813,P-124,Sustitución,62
E-1814,P-124,Sustitución,65
E-1815,P-124,Sustitución,67
E-1816,P-124,Gol,70
E-1817,P-124,Sustitución,73
E-1818,P-124,Sustitución,75
E-1819,P-124,Tarjeta Amarilla,79
E-1820,P-124,Sustitución,82
E-1821,P-125,Tarjeta Amarilla,22
E-1822,P-125,Gol,29
E-1823,P-125,Tarjeta Amarilla,40
E-1824,P-125,Tarjeta Amarilla,52
E-1825,P-125,Sustitución,57
E-1826,P-125,Sustitución,59
E-1827,P-125,Gol,61
E-1828,P-125,Gol,62
E-1829,P-125,Sustitución,64
E-1830,P-125,Sustitución,65
E-1831,P-125,Sustitución,71
E-1832,P-125,Sustitución,73
E-1833,P-125,Sustitución,74
E-1834,P-125,Sustitución,78
E-1835,P-125,Sustitución,81
E-1836,P-125,Tarjeta Amarilla,85
E-1837,P-125,Gol,90
E-1838,P-126,Gol,5
E-1839,P-126,Tarjeta Amarilla,20
E-1840,P-126,Gol,21
E-1841,P-126,Tarjeta Amarilla,21
E-1842,P-126,Gol,28
E-1843,P-126,Gol,30
E-1844,P-126,Tarjeta Amarilla,37
E-1845,P-126,Sustitución,48
E-1846,P-126,Tarjeta Amarilla,51
E-1847,P-126,Sustitución,52
E-1848,P-126,Sustitución,56
E-1849,P-126,Sustitución,60
E-1850,P-126,Sustitución,61
E-1851,P-126,Sustitución,63
E-1852,P-126,Tarjeta Amarilla,63
E-1853,P-126,Sustitución,64
E-1854,P-126,Sustitución,68
E-1855,P-127,Tarjeta Amarilla,9
E-1856,P-127,Tarjeta Amarilla,20
E-1857,P-127,Gol,30
E-1858,P-127,Gol,38
E-1859,P-127,Sustitución,52
E-1860,P-127,Sustitución,57
E-1861,P-127,Sustitución,59
E-1862,P-127,Sustitución,61
E-1863,P-127,Sustitución,63
E-1864,P-127,Tarjeta Amarilla,64
E-1865,P-127,Sustitución,65
E-1866,P-127,Tarjeta Roja,72
E-1867,P-127,Sustitución,73
E-1868,P-127,Tarjeta Amarilla,82
E-1869,P-127,Gol,92
