id,nombre,apellido,posicion,equipo_id
ALG-1,Tarek,Camara,Arquero,ALG
ALG-2,Tarek,Toure,Defensor,ALG
ALG-3,Idrissa,Adeyemi,Defensor,ALG
ALG-4,Nabil,Keita,Defensor,ALG
ALG-5,Nabil,Benali,Defensor,ALG
ALG-6,Cheikh,Sylla,Defensor,ALG
ALG-7,Sipho,Bamba,Defensor,ALG
ALG-8,Sipho,Traore,Defensor,ALG
ALG-9,Kofi,Bamba,Defensor,ALG
ALG-10,Tarek,Haddad,Mediocampista,ALG
ALG-11,Ibrahim,Adeyemi,Mediocampista,ALG
ALG-12,Kofi,Sylla,Arquero,ALG
ALG-13,Tendai,Ndiaye,Mediocampista,ALG
ALG-14,Nabil,Diallo,Mediocampista,ALG
ALG-15,Youssef,Mensah,Mediocampista,ALG
ALG-16,Sipho,Mokoena,Mediocampista,ALG
ALG-17,Oumar,Bamba,Mediocampista,ALG
ALG-18,Amadou,Bekele,Mediocampista,ALG
ALG-19,Hicham,Boateng,Mediocampista,ALG
ALG-20,Bakary,Ndiaye,Delantero,ALG
ALG-21,Tarek,Mokoena,Delantero,ALG
ALG-22,Ayoub,Keita,Delantero,ALG
ALG-23,Mamadou,Haddad,Arquero,ALG
ALG-24,Tendai,Osei,Delantero,ALG
ALG-25,Chiedozie,Nkemelu,Delantero,ALG
ALG-26,Amadou,Zerhouni,Delantero,ALG
ARG-1,Santiago,Ocampo,Arquero,ARG
ARG-2,Bruno,Zambrano,Defensor,ARG
ARG-3,Agustin,Maldonado,Defensor,ARG
ARG-4,Ignacio,Maldonado,Defensor,ARG
ARG-5,Camilo,Ocampo,Defensor,ARG
ARG-6,Emiliano,Ferreira,Defensor,ARG
ARG-7,Thiago,Bermudez,Defensor,ARG
ARG-8,Bruno,Paredes,Defensor,ARG
ARG-9,Joaquin,Maldonado,Defensor,ARG
ARG-10,Nahuel,Bustos,Mediocampista,ARG
ARG-11,Santiago,Cabrera,Mediocampista,ARG
ARG-12,Julio,Bermudez,Arquero,ARG
ARG-13,Franco,Bermudez,Mediocampista,ARG
ARG-14,Franco,Gimenez,Mediocampista,ARG
ARG-15,Matias,Ferreira,Mediocampista,ARG
ARG-16,Nahuel,Cabrera,Mediocampista,ARG
ARG-17,Diego,Quiroga,Mediocampista,ARG
ARG-18,Agustin,Paredes,Mediocampista,ARG
ARG-19,Matias,Peralta,Mediocampista,ARG
ARG-20,Alvaro,Rojas,Delantero,ARG
ARG-21,Rodrigo,Ocampo,Delantero,ARG
ARG-22,Ignacio,Villalba,Delantero,ARG
ARG-23,Agustin,Bustos,Arquero,ARG
ARG-24,Emiliano,Barrios,Delantero,ARG
ARG-25,Bruno,Villalba,Delantero,ARG
ARG-26,Diego,Ferreira,Delantero,ARG
AUS-1,Jihoon,Shin,Arquero,AUS
AUS-2,Hassan,Kim,Defensor,AUS
AUS-3,Sora,Shin,Defensor,AUS
AUS-4,Dongwon,Park,Defensor,AUS
AUS-5,Nasser,Choi,Defensor,AUS
AUS-6,Sora,Yamamoto,Defensor,AUS
AUS-7,Seojun,Ito,Defensor,AUS
AUS-8,Yusuf,Lee,Defensor,AUS
AUS-9,Seojun,Saito,Defensor,AUS
AUS-10,Ahmad,Kim,Mediocampista,AUS
AUS-11,Takumi,Watanabe,Mediocampista,AUS
AUS-12,Haruki,Nakamura,Arquero,AUS
AUS-13,Nasser,Jang,Mediocampista,AUS
AUS-14,Minjun,Ito,Mediocampista,AUS
AUS-15,Faisal,Aziz,Mediocampista,AUS
AUS-16,Haruki,Lee,Mediocampista,AUS
AUS-17,Bilal,Al Harbi,Mediocampista,AUS
AUS-18,Bilal,Yamamoto,Mediocampista,AUS
AUS-19,Hassan,Tanaka,Mediocampista,AUS
AUS-20,Hassan,Lee,Delantero,AUS
AUS-21,Sora,Al Harbi,Delantero,AUS
AUS-22,Omar,Rahimi,Delantero,AUS
AUS-23,Jihoon,Al Harbi,Arquero,AUS
AUS-24,Ahmad,Rahimi,Delantero,AUS
AUS-25,Jinwoo,Abbas,Delantero,AUS
AUS-26,Karim,Abbas,Delantero,AUS
AUT-1,Andreas,Bianchi,Arquero,AUT
AUT-2,Emil,Horvat,Defensor,AUT
AUT-3,Emil,Duarte,Defensor,AUT
AUT-4,Emil,Weber,Defensor,AUT
AUT-5,Nicolas,Vidal,Defensor,AUT
AUT-6,Rafael,Fischer,Defensor,AUT
AUT-7,Robin,Nowak,Defensor,AUT
AUT-8,Lucas,Hansen,Defensor,AUT
AUT-9,Jonas,Petrov,Defensor,AUT
AUT-10,Mateo,Silva,Mediocampista,AUT
AUT-11,Viktor,Marino,Mediocampista,AUT
AUT-12,Robin,Kovacs,Arquero,AUT
AUT-13,Jonas,Nowak,Mediocampista,AUT
AUT-14,Lucas,Nowak,Mediocampista,AUT
AUT-15,Leon,Nowak,Mediocampista,AUT
AUT-16,Lucas,Bianchi,Mediocampista,AUT
AUT-17,Milan,Novak,Mediocampista,AUT
AUT-18,Daniel,Hansen,Mediocampista,AUT
AUT-19,Andreas,Marino,Mediocampista,AUT
AUT-20,Mateo,Fischer,Delantero,AUT
AUT-21,Thomas,Novak,Delantero,AUT
AUT-22,Jonas,Andersen,Delantero,AUT
AUT-23,Viktor,Hansen,Arquero,AUT
AUT-24,Andreas,Moreau,Delantero,AUT
AUT-25,Sergio,Vidal,Delantero,AUT
AUT-26,Mateo,Petrov,Delantero,AUT
BEL-1,Thomas,Moreau,Arquero,BEL
BEL-2,Viktor,Bakker,Defensor,BEL
BEL-3,Sergio,Weber,Defensor,BEL
BEL-4,Daniel,Marino,Defensor,BEL
BEL-5,Marco,Weber,Defensor,BEL
BEL-6,Robin,Larsson,Defensor,BEL
BEL-7,Thomas,Duarte,Defensor,BEL
BEL-8,Viktor,Weber,Defensor,BEL
BEL-9,Marco,Vidal,Defensor,BEL
BEL-10,Mateo,Marino,Mediocampista,BEL
BEL-11,Daniel,Larsson,Mediocampista,BEL
BEL-12,Viktor,Bianchi,Arquero,BEL
BEL-13,Rafael,Nowak,Mediocampista,BEL
BEL-14,Pavel,Marino,Mediocampista,BEL
BEL-15,Jonas,Weber,Mediocampista,BEL
BEL-16,Antoine,Andersen,Mediocampista,BEL
BEL-17,Pavel,Kaminski,Mediocampista,BEL
BEL-18,Rafael,Hansen,Mediocampista,BEL
BEL-19,Rafael,Fischer,Mediocampista,BEL
BEL-20,Milan,Weber,Delantero,BEL
BEL-21,Emil,Horvat,Delantero,BEL
BEL-22,Kristian,Fischer,Delantero,BEL
BEL-23,Antoine,Larsson,Arquero,BEL
BEL-24,Kristian,Rossi,Delantero,BEL
BEL-25,Stefan,Duarte,Delantero,BEL
BEL-26,Stefan,Rossi,Delantero,BEL
BIH-1,Marco,Novak,Arquero,BIH
BIH-2,Pavel,Muller,Defensor,BIH
BIH-3,Julian,Bianchi,Defensor,BIH
BIH-4,Antoine,Silva,Defensor,BIH
BIH-5,Julian,Fischer,Defensor,BIH
BIH-6,Andreas,Novak,Defensor,BIH
BIH-7,Mateo,Larsson,Defensor,BIH
BIH-8,Andreas,Marino,Defensor,BIH
BIH-9,Emil,Muller,Defensor,BIH
BIH-10,Rafael,Marino,Mediocampista,BIH
BIH-11,Daniel,Horvat,Mediocampista,BIH
BIH-12,Lucas,Hansen,Arquero,BIH
BIH-13,Robin,Kaminski,Mediocampista,BIH
BIH-14,Rafael,Silva,Mediocampista,BIH
BIH-15,Stefan,Muller,Mediocampista,BIH
BIH-16,Leon,Bakker,Mediocampista,BIH
BIH-17,Nicolas,Nowak,Mediocampista,BIH
BIH-18,Antoine,Petrov,Mediocampista,BIH
BIH-19,Emil,Petrov,Mediocampista,BIH
BIH-20,Marco,Moreau,Delantero,BIH
BIH-21,Pavel,Duarte,Delantero,BIH
BIH-22,Stefan,Novak,Delantero,BIH
BIH-23,Rafael,Hansen,Arquero,BIH
BIH-24,Jonas,Novak,Delantero,BIH
BIH-25,Thomas,Andersen,Delantero,BIH
BIH-26,Jonas,Duarte,Delantero,BIH
BRA-1,Camilo,Rojas,Arquero,BRA
BRA-2,Emiliano,Bustos,Defensor,BRA
BRA-3,Maximiliano,Ocampo,Defensor,BRA
BRA-4,Facundo,Bermudez,Defensor,BRA
BRA-5,Franco,Quiroga,Defensor,BRA
BRA-6,Nahuel,Maldonado,Defensor,BRA
BRA-7,Maximiliano,Zambrano,Defensor,BRA
BRA-8,Gonzalo,Gimenez,Defensor,BRA
BRA-9,Renato,Castillo,Defensor,BRA
BRA-10,Matias,Ferreira,Mediocampista,BRA
BRA-11,Gonzalo,Bustos,Mediocampista,BRA
BRA-12,Diego,Ferreira,Arquero,BRA
BRA-13,Gonzalo,Ocampo,Mediocampista,BRA
BRA-14,Agustin,Castillo,Mediocampista,BRA
BRA-15,Santiago,Villalba,Mediocampista,BRA
BRA-16,Facundo,Maldonado,Mediocampista,BRA
BRA-17,Bruno,Ocampo,Mediocampista,BRA
BRA-18,Franco,Bermudez,Mediocampista,BRA
BRA-19,Thiago,Zambrano,Mediocampista,BRA
BRA-20,Thiago,Ocampo,Delantero,BRA
BRA-21,Thiago,Ferreira,Delantero,BRA
BRA-22,Gonzalo,Cabrera,Delantero,BRA
BRA-23,Maximiliano,Peralta,Arquero,BRA
BRA-24,Renato,Meireles,Delantero,BRA
BRA-25,Ignacio,Cabrera,Delantero,BRA
BRA-26,Ezequiel,Peralta,Delantero,BRA
CAN-1,Bryan,Vargas,Arquero,CAN
CAN-2,Luis,Ortega,Defensor,CAN
CAN-3,Andres,Mendoza,Defensor,CAN
CAN-4,Marlon,Mendoza,Defensor,CAN
CAN-5,Pierre,Espinoza,Defensor,CAN
CAN-6,Manuel,Ramirez,Defensor,CAN
CAN-7,Nelson,Jean-Louis,Defensor,CAN
CAN-8,Pierre,Vargas,Defensor,CAN
CAN-9,Roberto,Ramirez,Defensor,CAN
CAN-10,Eduardo,Solano,Mediocampista,CAN
CAN-11,Jean,Vargas,Mediocampista,CAN
CAN-12,Alexis,Hernandez,Arquero,CAN
CAN-13,Anthony,Serrano,Mediocampista,CAN
CAN-14,Eduardo,Coronado,Mediocampista,CAN
CAN-15,Bryan,Ramirez,Mediocampista,CAN
CAN-16,Luis,Reyes,Mediocampista,CAN
CAN-17,Ricardo,Lafleur,Mediocampista,CAN
CAN-18,Bryan,Guzman,Mediocampista,CAN
CAN-19,Nelson,Ortega,Mediocampista,CAN
CAN-20,Eduardo,Delgado,Delantero,CAN
CAN-21,Bryan,Reyes,Delantero,CAN
CAN-22,Kevin,Coronado,Delantero,CAN
CAN-23,Hector,Guzman,Arquero,CAN
CAN-24,Hector,Serrano,Delantero,CAN
CAN-25,Manuel,Serrano,Delantero,CAN
CAN-26,Roberto,Reyes,Delantero,CAN
CHI-1,Bruno,Meireles,Arquero,CHI
CHI-2,Joaquin,Rojas,Defensor,CHI
CHI-3,Santiago,Rojas,Defensor,CHI
CHI-4,Camilo,Maldonado,Defensor,CHI
CHI-5,Emiliano,Escobar,Defensor,CHI
CHI-6,Rodrigo,Castillo,Defensor,CHI
CHI-7,Agustin,Escobar,Defensor,CHI
CHI-8,Bruno,Escobar,Defensor,CHI
CHI-9,Franco,Zambrano,Defensor,CHI
CHI-10,Julio,Bustos,Mediocampista,CHI
CHI-11,Julio,Cardozo,Mediocampista,CHI
CHI-12,Joaquin,Meireles,Arquero,CHI
CHI-13,Julio,Escobar,Mediocampista,CHI
CHI-14,Matias,Aguilera,Mediocampista,CHI
CHI-15,Nahuel,Peralta,Mediocampista,CHI
CHI-16,Agustin,Rojas,Mediocampista,CHI
CHI-17,Thiago,Maldonado,Mediocampista,CHI
CHI-18,Matias,Barrios,Mediocampista,CHI
CHI-19,Diego,Cabrera,Mediocampista,CHI
CHI-20,Santiago,Sandoval,Delantero,CHI
CHI-21,Nahuel,Quiroga,Delantero,CHI
CHI-22,Diego,Cardozo,Delantero,CHI
CHI-23,Thiago,Bermudez,Arquero,CHI
CHI-24,Ezequiel,Barrios,Delantero,CHI
CHI-25,Camilo,Bustos,Delantero,CHI
CHI-26,Julio,Peralta,Delantero,CHI
CHN-1,Omar,Choi,Arquero,CHN
CHN-2,Jihoon,Watanabe,Defensor,CHN
CHN-3,Ahmad,Tanaka,Defensor,CHN
CHN-4,Minjun,Abbas,Defensor,CHN
CHN-5,Omar,Lee,Defensor,CHN
CHN-6,Sora,Abbas,Defensor,CHN
CHN-7,Karim,Saito,Defensor,CHN
CHN-8,Karim,Al Mansouri,Defensor,CHN
CHN-9,Seojun,Park,Defensor,CHN
CHN-10,Haruki,Kim,Mediocampista,CHN
CHN-11,Seojun,Choi,Mediocampista,CHN
CHN-12,Omar,Aziz,Arquero,CHN
CHN-13,Jihoon,Jang,Mediocampista,CHN
CHN-14,Seojun,Al Harbi,Mediocampista,CHN
CHN-15,Nasser,Park,Mediocampista,CHN
CHN-16,Bilal,Abbas,Mediocampista,CHN
CHN-17,Haruki,Hosseini,Mediocampista,CHN
CHN-18,Bilal,Aziz,Mediocampista,CHN
CHN-19,Takumi,Ito,Mediocampista,CHN
CHN-20,Omar,Shin,Delantero,CHN
CHN-21,Hassan,Shin,Delantero,CHN
CHN-22,Faisal,Hosseini,Delantero,CHN
CHN-23,Karim,Yamamoto,Arquero,CHN
CHN-24,Yusuf,Tanaka,Delantero,CHN
CHN-25,Bilal,Al Harbi,Delantero,CHN
CHN-26,Seojun,Al Mansouri,Delantero,CHN
CIV-1,Idrissa,Traore,Arquero,CIV
CIV-2,Sekou,Sylla,Defensor,CIV
CIV-3,Ibrahim,Mensah,Defensor,CIV
CIV-4,Nabil,Toure,Defensor,CIV
CIV-5,Rachid,Bamba,Defensor,CIV
CIV-6,Oumar,Zerhouni,Defensor,CIV
CIV-7,Cheikh,Toure,Defensor,CIV
CIV-8,Idrissa,Mokoena,Defensor,CIV
CIV-9,Kwame,Mensah,Defensor,CIV
CIV-10,Oumar,Diallo,Mediocampista,CIV
CIV-11,Kofi,Zerhouni,Mediocampista,CIV
CIV-12,Youssef,Adeyemi,Arquero,CIV
CIV-13,Zola,Keita,Mediocampista,CIV
CIV-14,Hicham,Bamba,Mediocampista,CIV
CIV-15,Tarek,Mensah,Mediocampista,CIV
CIV-16,Idrissa,Osei,Mediocampista,CIV
CIV-17,Mamadou,Osei,Mediocampista,CIV
CIV-18,Cheikh,Benali,Mediocampista,CIV
CIV-19,Kofi,Camara,Mediocampista,CIV
CIV-20,Oumar,Adeyemi,Delantero,CIV
CIV-21,Oumar,Cisse,Delantero,CIV
CIV-22,Ibrahim,Benali,Delantero,CIV
CIV-23,Amadou,Traore,Arquero,CIV
CIV-24,Youssef,Zerhouni,Delantero,CIV
CIV-25,Bakary,Mensah,Delantero,CIV
CIV-26,Chiedozie,Dube,Delantero,CIV
CMR-1,Tarek,Bamba,Arquero,CMR
CMR-2,Sekou,Osei,Defensor,CMR
CMR-3,Ayoub,Cisse,Defensor,CMR
CMR-4,Oumar,Bamba,Defensor,CMR
CMR-5,Hicham,Bekele,Defensor,CMR
CMR-6,Kofi,Zerhouni,Defensor,CMR
CMR-7,Ayoub,Boateng,Defensor,CMR
CMR-8,Tendai,Adeyemi,Defensor,CMR
CMR-9,Hicham,Mensah,Defensor,CMR
CMR-10,Youssef,Osei,Mediocampista,CMR
CMR-11,Zola,Keita,Mediocampista,CMR
CMR-12,Mamadou,Benali,Arquero,CMR
CMR-13,Ibrahim,Haddad,Mediocampista,CMR
CMR-14,Sekou,Traore,Mediocampista,CMR
CMR-15,Tendai,Boateng,Mediocampista,CMR
CMR-16,Kofi,Mokoena,Mediocampista,CMR
CMR-17,Sekou,Cisse,Mediocampista,CMR
CMR-18,Kofi,Traore,Mediocampista,CMR
CMR-19,Cheikh,Bamba,Mediocampista,CMR
CMR-20,Youssef,Zerhouni,Delantero,CMR
CMR-21,Cheikh,Diallo,Delantero,CMR
CMR-22,Idrissa,Haddad,Delantero,CMR
CMR-23,Sipho,Ndiaye,Arquero,CMR
CMR-24,Mamadou,Dube,Delantero,CMR
CMR-25,Ayoub,Sylla,Delantero,CMR
CMR-26,Cheikh,Camara,Delantero,CMR
COD-1,Kofi,Diallo,Arquero,COD
COD-2,Idrissa,Mensah,Defensor,COD
COD-3,Rachid,Bekele,Defensor,COD
COD-4,Youssef,Bamba,Defensor,COD
COD-5,Hicham,Nkemelu,Defensor,COD
COD-6,Kofi,Nkemelu,Defensor,COD
COD-7,Tendai,Dube,Defensor,COD
COD-8,Ibrahim,Toure,Defensor,COD
COD-9,Kwame,Ndiaye,Defensor,COD
COD-10,Tarek,Cisse,Mediocampista,COD
COD-11,Mamadou,Cisse,Mediocampista,COD
COD-12,Sipho,Mokoena,Arquero,COD
COD-13,Nabil,Bamba,Mediocampista,COD
COD-14,Ayoub,Keita,Mediocampista,COD
COD-15,Sekou,Mensah,Mediocampista,COD
COD-16,Bakary,Bamba,Mediocampista,COD
COD-17,Youssef,Mokoena,Mediocampista,COD
COD-18,Idrissa,Toure,Mediocampista,COD
COD-19,Idrissa,Nkemelu,Mediocampista,COD
COD-20,Ibrahim,Haddad,Delantero,COD
COD-21,Ibrahim,Osei,Delantero,COD
COD-22,Hicham,Mensah,Delantero,COD
COD-23,Kwame,Bekele,Arquero,COD
COD-24,Sekou,Adeyemi,Delantero,COD
COD-25,Ayoub,Toure,Delantero,COD
COD-26,Hicham,Dube,Delantero,COD
COL-1,Gonzalo,Ocampo,Arquero,COL
COL-2,Franco,Bermudez,Defensor,COL
COL-3,Camilo,Barrios,Defensor,COL
COL-4,Diego,Cabrera,Defensor,COL
COL-5,Ezequiel,Rojas,Defensor,COL
COL-6,Nahuel,Bustos,Defensor,COL
COL-7,Agustin,Bustos,Defensor,COL
COL-8,Matias,Quiroga,Defensor,COL
COL-9,Facundo,Escobar,Defensor,COL
COL-10,Gonzalo,Sandoval,Mediocampista,COL
COL-11,Diego,Gimenez,Mediocampista,COL
COL-12,Alvaro,Escobar,Arquero,COL
COL-13,Rodrigo,Cabrera,Mediocampista,COL
COL-14,Franco,Gimenez,Mediocampista,COL
COL-15,Ignacio,Quiroga,Mediocampista,COL
COL-16,Facundo,Bermudez,Mediocampista,COL
COL-17,Ignacio,Gimenez,Mediocampista,COL
COL-18,Camilo,Cardozo,Mediocampista,COL
COL-19,Joaquin,Bermudez,Mediocampista,COL
COL-20,Joaquin,Rojas,Delantero,COL
COL-21,Nahuel,Meireles,Delantero,COL
COL-22,Matias,Sandoval,Delantero,COL
COL-23,Facundo,Villalba,Arquero,COL
COL-24,Diego,Aguilera,Delantero,COL
COL-25,Alvaro,Cardozo,Delantero,COL
COL-26,Ignacio,Maldonado,Delantero,COL
CPV-1,Kwame,Sylla,Arquero,CPV
CPV-2,Oumar,Mokoena,Defensor,CPV
CPV-3,Tendai,Bekele,Defensor,CPV
CPV-4,Chiedozie,Camara,Defensor,CPV
CPV-5,Oumar,Mensah,Defensor,CPV
CPV-6,Sekou,Adeyemi,Defensor,CPV
CPV-7,Mamadou,Camara,Defensor,CPV
CPV-8,Ibrahim,Mokoena,Defensor,CPV
CPV-9,Kofi,Mensah,Defensor,CPV
CPV-10,Sipho,Diallo,Mediocampista,CPV
CPV-11,Ibrahim,Boateng,Mediocampista,CPV
CPV-12,Amadou,Dube,Arquero,CPV
CPV-13,Cheikh,Benali,Mediocampista,CPV
CPV-14,Zola,Haddad,Mediocampista,CPV
CPV-15,Tendai,Benali,Mediocampista,CPV
CPV-16,Tarek,Boateng,Mediocampista,CPV
CPV-17,Mamadou,Mokoena,Mediocampista,CPV
CPV-18,Ibrahim,Diallo,Mediocampista,CPV
CPV-19,Oumar,Keita,Mediocampista,CPV
CPV-20,Amadou,Adeyemi,Delantero,CPV
CPV-21,Cheikh,Adeyemi,Delantero,CPV
CPV-22,Oumar,Camara,Delantero,CPV
CPV-23,Idrissa,Diallo,Arquero,CPV
CPV-24,Rachid,Haddad,Delantero,CPV
CPV-25,Nabil,Haddad,Delantero,CPV
CPV-26,Ayoub,Keita,Delantero,CPV
CRC-1,Marlon,Delgado,Arquero,CRC
CRC-2,Osvaldo,Salazar,Defensor,CRC
CRC-3,Eduardo,Delgado,Defensor,CRC
CRC-4,Kevin,Ramirez,Defensor,CRC
CRC-5,Jorge,Salazar,Defensor,CRC
CRC-6,Anthony,Jean-Louis,Defensor,CRC
CRC-7,Osvaldo,Baptiste,Defensor,CRC
CRC-8,Jean,Ramirez,Defensor,CRC
CRC-9,Hector,Navarro,Defensor,CRC
CRC-10,Pierre,Delgado,Mediocampista,CRC
CRC-11,Luis,Guzman,Mediocampista,CRC
CRC-12,Eduardo,Campbell,Arquero,CRC
CRC-13,Wilfried,Navarro,Mediocampista,CRC
CRC-14,Pierre,Vargas,Mediocampista,CRC
CRC-15,Roberto,Mendoza,Mediocampista,CRC
CRC-16,Damian,Ortega,Mediocampista,CRC
CRC-17,Osvaldo,Ramirez,Mediocampista,CRC
CRC-18,Bryan,Coronado,Mediocampista,CRC
CRC-19,Anthony,Coronado,Mediocampista,CRC
CRC-20,Marlon,Ramirez,Delantero,CRC
CRC-21,Nelson,Pierre,Delantero,CRC
CRC-22,Alexis,Ramirez,Delantero,CRC
CRC-23,Pierre,Solano,Arquero,CRC
CRC-24,Andres,Espinoza,Delantero,CRC
CRC-25,Luis,Navarro,Delantero,CRC
CRC-26,Carlos,Navarro,Delantero,CRC
CRO-1,Jonas,Muller,Arquero,CRO
CRO-2,Thomas,Moreau,Defensor,CRO
CRO-3,Marco,Larsson,Defensor,CRO
CRO-4,Stefan,Hansen,Defensor,CRO
CRO-5,Milan,Kaminski,Defensor,CRO
CRO-6,Sergio,Vidal,Defensor,CRO
CRO-7,Stefan,Weber,Defensor,CRO
CRO-8,Stefan,Silva,Defensor,CRO
CRO-9,Robin,Fischer,Defensor,CRO
CRO-10,Leon,Rossi,Mediocampista,CRO
CRO-11,Viktor,Nowak,Mediocampista,CRO
CRO-12,Emil,Silva,Arquero,CRO
CRO-13,Emil,Petrov,Mediocampista,CRO
CRO-14,Julian,Andersen,Mediocampista,CRO
CRO-15,Marco,Horvat,Mediocampista,CRO
CRO-16,Daniel,Weber,Mediocampista,CRO
CRO-17,Pavel,Vidal,Mediocampista,CRO
CRO-18,Sergio,Hansen,Mediocampista,CRO
CRO-19,Julian,Kaminski,Mediocampista,CRO
CRO-20,Milan,Hansen,Delantero,CRO
CRO-21,Andreas,Bianchi,Delantero,CRO
CRO-22,Daniel,Andersen,Delantero,CRO
CRO-23,Pavel,Bianchi,Arquero,CRO
CRO-24,Stefan,Horvat,Delantero,CRO
CRO-25,Antoine,Novak,Delantero,CRO
CRO-26,Antoine,Hansen,Delantero,CRO
CUW-1,Alexis,Mendoza,Arquero,CUW
CUW-2,Hector,Ramirez,Defensor,CUW
CUW-3,Kevin,Navarro,Defensor,CUW
CUW-4,Eduardo,Lafleur,Defensor,CUW
CUW-5,Nelson,Jean-Louis,Defensor,CUW
CUW-6,Roberto,Delgado,Defensor,CUW
CUW-7,Marlon,Coronado,Defensor,CUW
CUW-8,Jorge,Lafleur,Defensor,CUW
CUW-9,Hector,Delgado,Defensor,CUW
CUW-10,Ricardo,Lafleur,Mediocampista,CUW
CUW-11,Carlos,Baptiste,Mediocampista,CUW
CUW-12,Marlon,Baptiste,Arquero,CUW
CUW-13,Nelson,Campbell,Mediocampista,CUW
CUW-14,Damian,Hernandez,Mediocampista,CUW
CUW-15,Manuel,Baptiste,Mediocampista,CUW
CUW-16,Manuel,Hernandez,Mediocampista,CUW
CUW-17,Anthony,Ramirez,Mediocampista,CUW
CUW-18,Damian,Solano,Mediocampista,CUW
CUW-19,Marlon,Navarro,Mediocampista,CUW
CUW-20,Ricardo,Charles,Delantero,CUW
CUW-21,Andres,Solano,Delantero,CUW
CUW-22,Eduardo,Pierre,Delantero,CUW
CUW-23,Anthony,Serrano,Arquero,CUW
CUW-24,Jean,Ramirez,Delantero,CUW
CUW-25,Eduardo,Salazar,Delantero,CUW
CUW-26,Hector,Mendoza,Delantero,CUW
CZE-1,Stefan,Duarte,Arquero,CZE
CZE-2,Andreas,Weber,Defensor,CZE
CZE-3,Viktor,Novak,Defensor,CZE
CZE-4,Jonas,Hansen,Defensor,CZE
CZE-5,Stefan,Kovacs,Defensor,CZE
CZE-6,Stefan,Rossi,Defensor,CZE
CZE-7,Daniel,Bakker,Defensor,CZE
CZE-8,Kristian,Hansen,Defensor,CZE
CZE-9,Viktor,Silva,Defensor,CZE
CZE-10,Pavel,Horvat,Mediocampista,CZE
CZE-11,Nicolas,Bianchi,Mediocampista,CZE
CZE-12,Mateo,Nowak,Arquero,CZE
CZE-13,Robin,Horvat,Mediocampista,CZE
CZE-14,Lucas,Novak,Mediocampista,CZE
CZE-15,Kristian,Marino,Mediocampista,CZE
CZE-16,Pavel,Fischer,Mediocampista,CZE
CZE-17,Julian,Silva,Mediocampista,CZE
CZE-18,Viktor,Andersen,Mediocampista,CZE
CZE-19,Emil,Andersen,Mediocampista,CZE
CZE-20,Thomas,Kaminski,Delantero,CZE
CZE-21,Thomas,Vidal,Delantero,CZE
CZE-22,Marco,Fischer,Delantero,CZE
CZE-23,Jonas,Moreau,Arquero,CZE
CZE-24,Lucas,Hansen,Delantero,CZE
CZE-25,Daniel,Silva,Delantero,CZE
CZE-26,Marco,Horvat,Delantero,CZE
DEN-1,Lucas,Bianchi,Arquero,DEN
DEN-2,Viktor,Andersen,Defensor,DEN
DEN-3,Mateo,Kovacs,Defensor,DEN
DEN-4,Kristian,Muller,Defensor,DEN
DEN-5,Nicolas,Weber,Defensor,DEN
DEN-6,Nicolas,Hansen,Defensor,DEN
DEN-7,Kristian,Weber,Defensor,DEN
DEN-8,Nicolas,Fischer,Defensor,DEN
DEN-9,Nicolas,Vidal,Defensor,DEN
DEN-10,Mateo,Novak,Mediocampista,DEN
DEN-11,Jonas,Kovacs,Mediocampista,DEN
DEN-12,Milan,Novak,Arquero,DEN
DEN-13,Rafael,Petrov,Mediocampista,DEN
DEN-14,Julian,Moreau,Mediocampista,DEN
DEN-15,Daniel,Marino,Mediocampista,DEN
DEN-16,Andreas,Rossi,Mediocampista,DEN
DEN-17,Andreas,Weber,Mediocampista,DEN
DEN-18,Thomas,Novak,Mediocampista,DEN
DEN-19,Julian,Kaminski,Mediocampista,DEN
DEN-20,Pavel,Horvat,Delantero,DEN
DEN-21,Daniel,Hansen,Delantero,DEN
DEN-22,Pavel,Kovacs,Delantero,DEN
DEN-23,Viktor,Kovacs,Arquero,DEN
DEN-24,Kristian,Bianchi,Delantero,DEN
DEN-25,Lucas,Horvat,Delantero,DEN
DEN-26,Nicolas,Petrov,Delantero,DEN
ECU-1,Maximiliano,Meireles,Arquero,ECU
ECU-2,Agustin,Rojas,Defensor,ECU
ECU-3,Renato,Zambrano,Defensor,ECU
ECU-4,Franco,Aguilera,Defensor,ECU
ECU-5,Agustin,Bustos,Defensor,ECU
ECU-6,Rodrigo,Meireles,Defensor,ECU
ECU-7,Thiago,Peralta,Defensor,ECU
ECU-8,Matias,Bermudez,Defensor,ECU
ECU-9,Emiliano,Cardozo,Defensor,ECU
ECU-10,Nahuel,Ocampo,Mediocampista,ECU
ECU-11,Matias,Meireles,Mediocampista,ECU
ECU-12,Joaquin,Castillo,Arquero,ECU
ECU-13,Facundo,Bustos,Mediocampista,ECU
ECU-14,Agustin,Cardozo,Mediocampista,ECU
ECU-15,Santiago,Villalba,Mediocampista,ECU
ECU-16,Facundo,Cabrera,Mediocampista,ECU
ECU-17,Renato,Peralta,Mediocampista,ECU
ECU-18,Agustin,Sandoval,Mediocampista,ECU
ECU-19,Diego,Ocampo,Mediocampista,ECU
ECU-20,Camilo,Meireles,Delantero,ECU
ECU-21,Maximiliano,Cardozo,Delantero,ECU
ECU-22,Alvaro,Sandoval,Delantero,ECU
ECU-23,Nahuel,Zambrano,Arquero,ECU
ECU-24,Nahuel,Villalba,Delantero,ECU
ECU-25,Ignacio,Barrios,Delantero,ECU
ECU-26,Renato,Bermudez,Delantero,ECU
EGY-1,Rachid,Diallo,Arquero,EGY
EGY-2,Amadou,Nkemelu,Defensor,EGY
EGY-3,Ibrahim,Adeyemi,Defensor,EGY
EGY-4,Rachid,Benali,Defensor,EGY
EGY-5,Oumar,Adeyemi,Defensor,EGY
EGY-6,Kofi,Dube,Defensor,EGY
EGY-7,Sekou,Boateng,Defensor,EGY
EGY-8,Zola,Sylla,Defensor,EGY
EGY-9,Youssef,Ndiaye,Defensor,EGY
EGY-10,Rachid,Sylla,Mediocampista,EGY
EGY-11,Ayoub,Mokoena,Mediocampista,EGY
EGY-12,Oumar,Osei,Arquero,EGY
EGY-13,Cheikh,Benali,Mediocampista,EGY
EGY-14,Amadou,Adeyemi,Mediocampista,EGY
EGY-15,Sekou,Mensah,Mediocampista,EGY
EGY-16,Tendai,Bamba,Mediocampista,EGY
EGY-17,Ayoub,Sylla,Mediocampista,EGY
EGY-18,Cheikh,Cisse,Mediocampista,EGY
EGY-19,Bakary,Zerhouni,Mediocampista,EGY
EGY-20,Youssef,Dube,Delantero,EGY
EGY-21,Ayoub,Toure,Delantero,EGY
EGY-22,Hicham,Mensah,Delantero,EGY
EGY-23,Idrissa,Boateng,Arquero,EGY
EGY-24,Hicham,Zerhouni,Delantero,EGY
EGY-25,Hicham,Bamba,Delantero,EGY
EGY-26,Kwame,Camara,Delantero,EGY
ENG-1,Julian,Weber,Arquero,ENG
ENG-2,Pavel,Rossi,Defensor,ENG
ENG-3,Kristian,Weber,Defensor,ENG
ENG-4,Thomas,Silva,Defensor,ENG
ENG-5,Kristian,Andersen,Defensor,ENG
ENG-6,Daniel,Kovacs,Defensor,ENG
ENG-7,Rafael,Petrov,Defensor,ENG
ENG-8,Daniel,Larsson,Defensor,ENG
ENG-9,Kristian,Marino,Defensor,ENG
ENG-10,Mateo,Nowak,Mediocampista,ENG
ENG-11,Robin,Marino,Mediocampista,ENG
ENG-12,Thomas,Muller,Arquero,ENG
ENG-13,Milan,Kaminski,Mediocampista,ENG
ENG-14,Lucas,Petrov,Mediocampista,ENG
ENG-15,Rafael,Marino,Mediocampista,ENG
ENG-16,Viktor,Hansen,Mediocampista,ENG
ENG-17,Jonas,Weber,Mediocampista,ENG
ENG-18,Stefan,Rossi,Mediocampista,ENG
ENG-19,Mateo,Andersen,Mediocampista,ENG
ENG-20,Antoine,Horvat,Delantero,ENG
ENG-21,Stefan,Duarte,Delantero,ENG
ENG-22,Leon,Nowak,Delantero,ENG
ENG-23,Stefan,Kaminski,Arquero,ENG
ENG-24,Robin,Weber,Delantero,ENG
ENG-25,Nicolas,Kaminski,Delantero,ENG
ENG-26,Pavel,Andersen,Delantero,ENG
ESP-1,Daniel,Silva,Arquero,ESP
ESP-2,Julian,Andersen,Defensor,ESP
ESP-3,Andreas,Bakker,Defensor,ESP
ESP-4,Andreas,Marino,Defensor,ESP
ESP-5,Stefan,Silva,Defensor,ESP
ESP-6,Andreas,Duarte,Defensor,ESP
ESP-7,Milan,Kaminski,Defensor,ESP
ESP-8,Andreas,Andersen,Defensor,ESP
ESP-9,Thomas,Weber,Defensor,ESP
ESP-10,Milan,Horvat,Mediocampista,ESP
ESP-11,Daniel,Vidal,Mediocampista,ESP
ESP-12,Milan,Silva,Arquero,ESP
ESP-13,Pavel,Muller,Mediocampista,ESP
ESP-14,Daniel,Muller,Mediocampista,ESP
ESP-15,Thomas,Kaminski,Mediocampista,ESP
ESP-16,Lucas,Kaminski,Mediocampista,ESP
ESP-17,Daniel,Moreau,Mediocampista,ESP
ESP-18,Mateo,Andersen,Mediocampista,ESP
ESP-19,Viktor,Moreau,Mediocampista,ESP
ESP-20,Milan,Petrov,Delantero,ESP
ESP-21,Marco,Kovacs,Delantero,ESP
ESP-22,Jonas,Vidal,Delantero,ESP
ESP-23,Stefan,Hansen,Arquero,ESP
ESP-24,Viktor,Marino,Delantero,ESP
ESP-25,Sergio,Moreau,Delantero,ESP
ESP-26,Mateo,Muller,Delantero,ESP
FRA-1,Viktor,Vidal,Arquero,FRA
FRA-2,Lucas,Bakker,Defensor,FRA
FRA-3,Robin,Bakker,Defensor,FRA
FRA-4,Thomas,Kovacs,Defensor,FRA
FRA-5,Jonas,Horvat,Defensor,FRA
FRA-6,Sergio,Rossi,Defensor,FRA
FRA-7,Milan,Petrov,Defensor,FRA
FRA-8,Stefan,Novak,Defensor,FRA
FRA-9,Viktor,Fischer,Defensor,FRA
FRA-10,Emil,Nowak,Mediocampista,FRA
FRA-11,Jonas,Nowak,Mediocampista,FRA
FRA-12,Julian,Andersen,Arquero,FRA
FRA-13,Daniel,Fischer,Mediocampista,FRA
FRA-14,Mateo,Petrov,Mediocampista,FRA
FRA-15,Nicolas,Rossi,Mediocampista,FRA
FRA-16,Jonas,Bakker,Mediocampista,FRA
FRA-17,Emil,Larsson,Mediocampista,FRA
FRA-18,Emil,Novak,Mediocampista,FRA
FRA-19,Mateo,Bakker,Mediocampista,FRA
FRA-20,Daniel,Marino,Delantero,FRA
FRA-21,Emil,Weber,Delantero,FRA
FRA-22,Stefan,Marino,Delantero,FRA
FRA-23,Stefan,Bianchi,Arquero,FRA
FRA-24,Milan,Duarte,Delantero,FRA
FRA-25,Stefan,Fischer,Delantero,FRA
FRA-26,Robin,Andersen,Delantero,FRA
GER-1,Stefan,Kaminski,Arquero,GER
GER-2,Antoine,Duarte,Defensor,GER
GER-3,Robin,Nowak,Defensor,GER
GER-4,Leon,Fischer,Defensor,GER
GER-5,Emil,Novak,Defensor,GER
GER-6,Mateo,Larsson,Defensor,GER
GER-7,Pavel,Andersen,Defensor,GER
GER-8,Julian,Novak,Defensor,GER
GER-9,Kristian,Novak,Defensor,GER
GER-10,Kristian,Silva,Mediocampista,GER
GER-11,Marco,Hansen,Mediocampista,GER
GER-12,Emil,Petrov,Arquero,GER
GER-13,Stefan,Bakker,Mediocampista,GER
GER-14,Kristian,Vidal,Mediocampista,GER
GER-15,Julian,Marino,Mediocampista,GER
GER-16,Kristian,Horvat,Mediocampista,GER
GER-17,Emil,Andersen,Mediocampista,GER
GER-18,Daniel,Petrov,Mediocampista,GER
GER-19,Kristian,Kovacs,Mediocampista,GER
GER-20,Milan,Andersen,Delantero,GER
GER-21,Viktor,Kaminski,Delantero,GER
GER-22,Mateo,Rossi,Delantero,GER
GER-23,Jonas,Nowak,Arquero,GER
GER-24,Pavel,Petrov,Delantero,GER
GER-25,Sergio,Moreau,Delantero,GER
GER-26,Robin,Fischer,Delantero,GER
GHA-1,Zola,Benali,Arquero,GHA
GHA-2,Sipho,Bekele,Defensor,GHA
GHA-3,Chiedozie,Haddad,Defensor,GHA
GHA-4,Youssef,Ndiaye,Defensor,GHA
GHA-5,Cheikh,Keita,Defensor,GHA
GHA-6,Sipho,Zerhouni,Defensor,GHA
GHA-7,Kofi,Adeyemi,Defensor,GHA
GHA-8,Oumar,Nkemelu,Defensor,GHA
GHA-9,Mamadou,Zerhouni,Defensor,GHA
GHA-10,Tendai,Diallo,Mediocampista,GHA
GHA-11,Kofi,Cisse,Mediocampista,GHA
GHA-12,Idrissa,Mokoena,Arquero,GHA
GHA-13,Zola,Camara,Mediocampista,GHA
GHA-14,Bakary,Ndiaye,Mediocampista,GHA
GHA-15,Mamadou,Mokoena,Mediocampista,GHA
GHA-16,Amadou,Mokoena,Mediocampista,GHA
GHA-17,Idrissa,Benali,Mediocampista,GHA
GHA-18,Ayoub,Adeyemi,Mediocampista,GHA
GHA-19,Kofi,Camara,Mediocampista,GHA
GHA-20,Cheikh,Mensah,Delantero,GHA
GHA-21,Oumar,Diallo,Delantero,GHA
GHA-22,Chiedozie,Cisse,Delantero,GHA
GHA-23,Youssef,Haddad,Arquero,GHA
GHA-24,Sipho,Benali,Delantero,GHA
GHA-25,Tendai,Zerhouni,Delantero,GHA
GHA-26,Ibrahim,Traore,Delantero,GHA
HAI-1,Pierre,Navarro,Arquero,HAI
HAI-2,Jorge,Solano,Defensor,HAI
HAI-3,Osvaldo,Serrano,Defensor,HAI
HAI-4,Bryan,Guzman,Defensor,HAI
HAI-5,Alexis,Mendoza,Defensor,HAI
HAI-6,Osvaldo,Reyes,Defensor,HAI
HAI-7,Eduardo,Hernandez,Defensor,HAI
HAI-8,Jorge,Ramirez,Defensor,HAI
HAI-9,Eduardo,Reyes,Defensor,HAI
HAI-10,Nelson,Mendoza,Mediocampista,HAI
HAI-11,Jean,Reyes,Mediocampista,HAI
HAI-12,Jean,Coronado,Arquero,HAI
HAI-13,Andres,Jean-Louis,Mediocampista,HAI
HAI-14,Kevin,Coronado,Mediocampista,HAI
HAI-15,Hector,Coronado,Mediocampista,HAI
HAI-16,Wilfried,Jean-Louis,Mediocampista,HAI
HAI-17,Ricardo,Baptiste,Mediocampista,HAI
HAI-18,Kevin,Navarro,Mediocampista,HAI
HAI-19,Damian,Ramirez,Mediocampista,HAI
HAI-20,Marlon,Pierre,Delantero,HAI
HAI-21,Marlon,Baptiste,Delantero,HAI
HAI-22,Ricardo,Guzman,Delantero,HAI
HAI-23,Hector,Espinoza,Arquero,HAI
HAI-24,Wilfried,Ortega,Delantero,HAI
HAI-25,Carlos,Campbell,Delantero,HAI
HAI-26,Luis,Coronado,Delantero,HAI
IRN-1,Seojun,Farhadi,Arquero,IRN
IRN-2,Yusuf,Rahimi,Defensor,IRN
IRN-3,Ali,Lee,Defensor,IRN
IRN-4,Omar,Karimov,Defensor,IRN
IRN-5,Sora,Watanabe,Defensor,IRN
IRN-6,Riku,Rahimi,Defensor,IRN
IRN-7,Ahmad,Saito,Defensor,IRN
IRN-8,Ali,Jang,Defensor,IRN
IRN-9,Ahmad,Rahimi,Defensor,IRN
IRN-10,Faisal,Jang,Mediocampista,IRN
IRN-11,Kenta,Abbas,Mediocampista,IRN
IRN-12,Hassan,Karimov,Arquero,IRN
IRN-13,Ali,Kim,Mediocampista,IRN
IRN-14,Minjun,Al Mansouri,Mediocampista,IRN
IRN-15,Ahmad,Nakamura,Mediocampista,IRN
IRN-16,Sora,Kim,Mediocampista,IRN
IRN-17,Omar,Rahimi,Mediocampista,IRN
IRN-18,Nasser,Al Mansouri,Mediocampista,IRN
IRN-19,Yusuf,Ito,Mediocampista,IRN
IRN-20,Ahmad,Karimov,Delantero,IRN
IRN-21,Sora,Ito,Delantero,IRN
IRN-22,Jinwoo,Watanabe,Delantero,IRN
IRN-23,Riku,Farhadi,Arquero,IRN
IRN-24,Karim,Watanabe,Delantero,IRN
IRN-25,Jinwoo,Kim,Delantero,IRN
IRN-26,Minjun,Abbas,Delantero,IRN
IRQ-1,Sora,Farhadi,Arquero,IRQ
IRQ-2,Ahmad,Jang,Defensor,IRQ
IRQ-3,Sora,Al Harbi,Defensor,IRQ
IRQ-4,Takumi,Rahimi,Defensor,IRQ
IRQ-5,Faisal,Farhadi,Defensor,IRQ
IRQ-6,Nasser,Nakamura,Defensor,IRQ
IRQ-7,Omar,Lee,Defensor,IRQ
IRQ-8,Jihoon,Choi,Defensor,IRQ
IRQ-9,Riku,Choi,Defensor,IRQ
IRQ-10,Hassan,Aziz,Mediocampista,IRQ
IRQ-11,Nasser,Ito,Mediocampista,IRQ
IRQ-12,Yusuf,Ito,Arquero,IRQ
IRQ-13,Ali,Karimov,Mediocampista,IRQ
IRQ-14,Kenta,Abbas,Mediocampista,IRQ
IRQ-15,Omar,Park,Mediocampista,IRQ
IRQ-16,Minjun,Watanabe,Mediocampista,IRQ
IRQ-17,Ahmad,Al Mansouri,Mediocampista,IRQ
IRQ-18,Hassan,Tanaka,Mediocampista,IRQ
IRQ-19,Ali,Watanabe,Mediocampista,IRQ
IRQ-20,Seojun,Choi,Delantero,IRQ
IRQ-21,Bilal,Al Harbi,Delantero,IRQ
IRQ-22,Jihoon,Watanabe,Delantero,IRQ
IRQ-23,Karim,Watanabe,Arquero,IRQ
IRQ-24,Reza,Farhadi,Delantero,IRQ
IRQ-25,Jihoon,Al Mansouri,Delantero,IRQ
IRQ-26,Karim,Hosseini,Delantero,IRQ
ITA-1,Emil,Novak,Arquero,ITA
ITA-2,Kristian,Bianchi,Defensor,ITA
ITA-3,Marco,Kaminski,Defensor,ITA
ITA-4,Emil,Larsson,Defensor,ITA
ITA-5,Sergio,Kovacs,Defensor,ITA
ITA-6,Andreas,Novak,Defensor,ITA
ITA-7,Stefan,Vidal,Defensor,ITA
ITA-8,Sergio,Fischer,Defensor,ITA
ITA-9,Stefan,Moreau,Defensor,ITA
ITA-10,Viktor,Muller,Mediocampista,ITA
ITA-11,Antoine,Novak,Mediocampista,ITA
ITA-12,Milan,Petrov,Arquero,ITA
ITA-13,Pavel,Andersen,Mediocampista,ITA
ITA-14,Pavel,Duarte,Mediocampista,ITA
ITA-15,Emil,Kovacs,Mediocampista,ITA
ITA-16,Mateo,Silva,Mediocampista,ITA
ITA-17,Marco,Marino,Mediocampista,ITA
ITA-18,Milan,Kovacs,Mediocampista,ITA
ITA-19,Emil,Bianchi,Mediocampista,ITA
ITA-20,Julian,Moreau,Delantero,ITA
ITA-21,Stefan,Larsson,Delantero,ITA
ITA-22,Robin,Kaminski,Delantero,ITA
ITA-23,Antoine,Hansen,Arquero,ITA
ITA-24,Robin,Bakker,Delantero,ITA
ITA-25,Marco,Nowak,Delantero,ITA
ITA-26,Daniel,Muller,Delantero,ITA
JOR-1,Nasser,Abbas,Arquero,JOR
JOR-2,Yusuf,Nakamura,Defensor,JOR
JOR-3,Faisal,Tanaka,Defensor,JOR
JOR-4,Karim,Al Mansouri,Defensor,JOR
JOR-5,Karim,Nakamura,Defensor,JOR
JOR-6,Hassan,Karimov,Defensor,JOR
JOR-7,Reza,Saito,Defensor,JOR
JOR-8,Minjun,Jang,Defensor,JOR
JOR-9,Yusuf,Shin,Defensor,JOR
JOR-10,Seojun,Yamamoto,Mediocampista,JOR
JOR-11,Faisal,Choi,Mediocampista,JOR
JOR-12,Yusuf,Al Mansouri,Arquero,JOR
JOR-13,Riku,Karimov,Mediocampista,JOR
JOR-14,Jinwoo,Abbas,Mediocampista,JOR
JOR-15,Karim,Kim,Mediocampista,JOR
JOR-16,Faisal,Karimov,Mediocampista,JOR
JOR-17,Bilal,Rahimi,Mediocampista,JOR
JOR-18,Haruki,Aziz,Mediocampista,JOR
JOR-19,Reza,Abbas,Mediocampista,JOR
JOR-20,Jihoon,Watanabe,Delantero,JOR
JOR-21,Faisal,Park,Delantero,JOR
JOR-22,Ahmad,Park,Delantero,JOR
JOR-23,Ali,Karimov,Arquero,JOR
JOR-24,Jihoon,Karimov,Delantero,JOR
JOR-25,Kenta,Kim,Delantero,JOR
JOR-26,Bilal,Choi,Delantero,JOR
JPN-1,Dongwon,Yamamoto,Arquero,JPN
JPN-2,Nasser,Park,Defensor,JPN
JPN-3,Reza,Al Mansouri,Defensor,JPN
JPN-4,Kenta,Al Mansouri,Defensor,JPN
JPN-5,Hassan,Tanaka,Defensor,JPN
JPN-6,Seojun,Ito,Defensor,JPN
JPN-7,Reza,Jang,Defensor,JPN
JPN-8,Jinwoo,Jang,Defensor,JPN
JPN-9,Jinwoo,Rahimi,Defensor,JPN
JPN-10,Seojun,Al Mansouri,Mediocampista,JPN
JPN-11,Reza,Choi,Mediocampista,JPN
JPN-12,Dongwon,Nakamura,Arquero,JPN
JPN-13,Seojun,Nakamura,Mediocampista,JPN
JPN-14,Ahmad,Park,Mediocampista,JPN
JPN-15,Dongwon,Lee,Mediocampista,JPN
JPN-16,Riku,Shin,Mediocampista,JPN
JPN-17,Kenta,Karimov,Mediocampista,JPN
JPN-18,Bilal,Hosseini,Mediocampista,JPN
JPN-19,Bilal,Saito,Mediocampista,JPN
JPN-20,Hassan,Rahimi,Delantero,JPN
JPN-21,Seojun,Abbas,Delantero,JPN
JPN-22,Minjun,Aziz,Delantero,JPN
JPN-23,Dongwon,Hosseini,Arquero,JPN
JPN-24,Riku,Karimov,Delantero,JPN
JPN-25,Ahmad,Lee,Delantero,JPN
JPN-26,Reza,Kim,Delantero,JPN
KOR-1,Sora,Farhadi,Arquero,KOR
KOR-2,Riku,Choi,Defensor,KOR
KOR-3,Ali,Shin,Defensor,KOR
KOR-4,Faisal,Nakamura,Defensor,KOR
KOR-5,Haruki,Jang,Defensor,KOR
KOR-6,Bilal,Saito,Defensor,KOR
KOR-7,Dongwon,Abbas,Defensor,KOR
KOR-8,Sora,Karimov,Defensor,KOR
KOR-9,Minjun,Nakamura,Defensor,KOR
KOR-10,Yusuf,Tanaka,Mediocampista,KOR
KOR-11,Karim,Shin,Mediocampista,KOR
KOR-12,Yusuf,Saito,Arquero,KOR
KOR-13,Jihoon,Hosseini,Mediocampista,KOR
KOR-14,Dongwon,Yamamoto,Mediocampista,KOR
KOR-15,Takumi,Rahimi,Mediocampista,KOR
KOR-16,Sora,Hosseini,Mediocampista,KOR
KOR-17,Karim,Kim,Mediocampista,KOR
KOR-18,Haruki,Nakamura,Mediocampista,KOR
KOR-19,Jihoon,Nakamura,Mediocampista,KOR
KOR-20,Reza,Al Mansouri,Delantero,KOR
KOR-21,Takumi,Watanabe,Delantero,KOR
KOR-22,Ahmad,Rahimi,Delantero,KOR
KOR-23,Dongwon,Rahimi,Arquero,KOR
KOR-24,Yusuf,Nakamura,Delantero,KOR
KOR-25,Kenta,Yamamoto,Delantero,KOR
KOR-26,Jihoon,Ito,Delantero,KOR
KSA-1,Sora,Yamamoto,Arquero,KSA
KSA-2,Omar,Jang,Defensor,KSA
KSA-3,Kenta,Farhadi,Defensor,KSA
KSA-4,Reza,Ito,Defensor,KSA
KSA-5,Karim,Ito,Defensor,KSA
KSA-6,Ali,Aziz,Defensor,KSA
KSA-7,Kenta,Lee,Defensor,KSA
KSA-8,Hassan,Yamamoto,Defensor,KSA
KSA-9,Dongwon,Tanaka,Defensor,KSA
KSA-10,Haruki,Choi,Mediocampista,KSA
KSA-11,Haruki,Lee,Mediocampista,KSA
KSA-12,Ahmad,Park,Arquero,KSA
KSA-13,Sora,Nakamura,Mediocampista,KSA
KSA-14,Omar,Tanaka,Mediocampista,KSA
KSA-15,Dongwon,Nakamura,Mediocampista,KSA
KSA-16,Karim,Kim,Mediocampista,KSA
KSA-17,Hassan,Al Mansouri,Mediocampista,KSA
KSA-18,Karim,Rahimi,Mediocampista,KSA
KSA-19,Riku,Park,Mediocampista,KSA
KSA-20,Ahmad,Aziz,Delantero,KSA
KSA-21,Kenta,Jang,Delantero,KSA
KSA-22,Yusuf,Park,Delantero,KSA
KSA-23,Faisal,Hosseini,Arquero,KSA
KSA-24,Riku,Lee,Delantero,KSA
KSA-25,Dongwon,Rahimi,Delantero,KSA
KSA-26,Seojun,Jang,Delantero,KSA
MAR-1,Sipho,Traore,Arquero,MAR
MAR-2,Kwame,Sylla,Defensor,MAR
MAR-3,Sipho,Sylla,Defensor,MAR
MAR-4,Chiedozie,Camara,Defensor,MAR
MAR-5,Tendai,Diallo,Defensor,MAR
MAR-6,Mamadou,Zerhouni,Defensor,MAR
MAR-7,Kwame,Cisse,Defensor,MAR
MAR-8,Hicham,Cisse,Defensor,MAR
MAR-9,Mamadou,Benali,Defensor,MAR
MAR-10,Hicham,Boateng,Mediocampista,MAR
MAR-11,Kwame,Bekele,Mediocampista,MAR
MAR-12,Kwame,Ndiaye,Arquero,MAR
MAR-13,Tarek,Osei,Mediocampista,MAR
MAR-14,Bakary,Diallo,Mediocampista,MAR
MAR-15,Ibrahim,Mokoena,Mediocampista,MAR
MAR-16,Idrissa,Diallo,Mediocampista,MAR
MAR-17,Idrissa,Mensah,Mediocampista,MAR
MAR-18,Idrissa,Traore,Mediocampista,MAR
MAR-19,Sipho,Bamba,Mediocampista,MAR
MAR-20,Youssef,Nkemelu,Delantero,MAR
MAR-21,Nabil,Benali,Delantero,MAR
MAR-22,Kofi,Mokoena,Delantero,MAR
MAR-23,Youssef,Zerhouni,Arquero,MAR
MAR-24,Ayoub,Traore,Delantero,MAR
MAR-25,Hicham,Mensah,Delantero,MAR
MAR-26,Kwame,Nkemelu,Delantero,MAR
MEX-1,Roberto,Pierre,Arquero,MEX
MEX-2,Roberto,Navarro,Defensor,MEX
MEX-3,Wilfried,Baptiste,Defensor,MEX
MEX-4,Nelson,Ortega,Defensor,MEX
MEX-5,Kevin,Mendoza,Defensor,MEX
MEX-6,Pierre,Campbell,Defensor,MEX
MEX-7,Roberto,Mendoza,Defensor,MEX
MEX-8,Wilfried,Salazar,Defensor,MEX
MEX-9,Wilfried,Pierre,Defensor,MEX
MEX-10,Osvaldo,Vargas,Mediocampista,MEX
MEX-11,Nelson,Vargas,Mediocampista,MEX
MEX-12,Hector,Solano,Arquero,MEX
MEX-13,Manuel,Ortega,Mediocampista,MEX
MEX-14,Nelson,Baptiste,Mediocampista,MEX
MEX-15,Jorge,Pierre,Mediocampista,MEX
MEX-16,Andres,Jean-Louis,Mediocampista,MEX
MEX-17,Pierre,Vargas,Mediocampista,MEX
MEX-18,Roberto,Reyes,Mediocampista,MEX
MEX-19,Bryan,Coronado,Mediocampista,MEX
MEX-20,Andres,Serrano,Delantero,MEX
MEX-21,Manuel,Navarro,Delantero,MEX
MEX-22,Eduardo,Navarro,Delantero,MEX
MEX-23,Luis,Mendoza,Arquero,MEX
MEX-24,Hector,Salazar,Delantero,MEX
MEX-25,Hector,Navarro,Delantero,MEX
MEX-26,Roberto,Espinoza,Delantero,MEX
MLI-1,Rachid,Haddad,Arquero,MLI
MLI-2,Bakary,Haddad,Defensor,MLI
MLI-3,Sipho,Toure,Defensor,MLI
MLI-4,Zola,Traore,Defensor,MLI
MLI-5,Zola,Osei,Defensor,MLI
MLI-6,Tendai,Toure,Defensor,MLI
MLI-7,Sipho,Dube,Defensor,MLI
MLI-8,Ibrahim,Diallo,Defensor,MLI
MLI-9,Zola,Boateng,Defensor,MLI
MLI-10,Bakary,Benali,Mediocampista,MLI
MLI-11,Zola,Diallo,Mediocampista,MLI
MLI-12,Youssef,Sylla,Arquero,MLI
MLI-13,Tarek,Keita,Mediocampista,MLI
MLI-14,Kofi,Diallo,Mediocampista,MLI
MLI-15,Hicham,Osei,Mediocampista,MLI
MLI-16,Kwame,Ndiaye,Mediocampista,MLI
MLI-17,Kofi,Keita,Mediocampista,MLI
MLI-18,Ibrahim,Keita,Mediocampista,MLI
MLI-19,Nabil,Dube,Mediocampista,MLI
MLI-20,Idrissa,Benali,Delantero,MLI
MLI-21,Idrissa,Boateng,Delantero,MLI
MLI-22,Zola,Toure,Delantero,MLI
MLI-23,Chiedozie,Boateng,Arquero,MLI
MLI-24,Amadou,Sylla,Delantero,MLI
MLI-25,Chiedozie,Dube,Delantero,MLI
MLI-26,Bakary,Diallo,Delantero,MLI
NCL-1,Liam,Latu,Arquero,NCL
NCL-2,Hemi,Latu,Defensor,NCL
NCL-3,Rewi,Naidu,Defensor,NCL
NCL-4,Tevita,Halapua,Defensor,NCL
NCL-5,Sione,Kaimana,Defensor,NCL
NCL-6,Tevita,Tamati,Defensor,NCL
NCL-7,Noa,Sione,Defensor,NCL
NCL-8,Rewi,Rakau,Defensor,NCL
NCL-9,Tevita,Tupou,Defensor,NCL
NCL-10,Tama,Morrison,Mediocampista,NCL
NCL-11,Ryder,Ngata,Mediocampista,NCL
NCL-12,Dylan,Tamati,Arquero,NCL
NCL-13,Noa,Paulo,Mediocampista,NCL
NCL-14,Manu,Tamati,Mediocampista,NCL
NCL-15,Caleb,Tuilagi,Mediocampista,NCL
NCL-16,Malu,Tamati,Mediocampista,NCL
NCL-17,Jayden,Waititi,Mediocampista,NCL
NCL-18,Josua,Ngata,Mediocampista,NCL
NCL-19,Hemi,Ravu,Mediocampista,NCL
NCL-20,Josua,Tuilagi,Delantero,NCL
NCL-21,Sione,Morrison,Delantero,NCL
NCL-22,Manu,Fifita,Delantero,NCL
NCL-23,Hemi,Mataitini,Arquero,NCL
NCL-24,Ryder,Halapua,Delantero,NCL
NCL-25,Ari,Paulo,Delantero,NCL
NCL-26,Hemi,Vaega,Delantero,NCL
NED-1,Mateo,Duarte,Arquero,NED
NED-2,Robin,Bianchi,Defensor,NED
NED-3,Julian,Kaminski,Defensor,NED
NED-4,Lucas,Larsson,Defensor,NED
NED-5,Thomas,Fischer,Defensor,NED
NED-6,Emil,Larsson,Defensor,NED
NED-7,Rafael,Nowak,Defensor,NED
NED-8,Sergio,Bianchi,Defensor,NED
NED-9,Milan,Silva,Defensor,NED
NED-10,Daniel,Marino,Mediocampista,NED
NED-11,Kristian,Weber,Mediocampista,NED
NED-12,Sergio,Hansen,Arquero,NED
NED-13,Robin,Hansen,Mediocampista,NED
NED-14,Leon,Silva,Mediocampista,NED
NED-15,Viktor,Nowak,Mediocampista,NED
NED-16,Rafael,Muller,Mediocampista,NED
NED-17,Leon,Rossi,Mediocampista,NED
NED-18,Sergio,Horvat,Mediocampista,NED
NED-19,Julian,Kovacs,Mediocampista,NED
NED-20,Daniel,Hansen,Delantero,NED
NED-21,Rafael,Moreau,Delantero,NED
NED-22,Lucas,Nowak,Delantero,NED
NED-23,Marco,Andersen,Arquero,NED
NED-24,Thomas,Novak,Delantero,NED
NED-25,Antoine,Rossi,Delantero,NED
NED-26,Jonas,Larsson,Delantero,NED
NGA-1,Rachid,Zerhouni,Arquero,NGA
NGA-2,Hicham,Bekele,Defensor,NGA
NGA-3,Kwame,Mensah,Defensor,NGA
NGA-4,Tendai,Dube,Defensor,NGA
NGA-5,Oumar,Traore,Defensor,NGA
NGA-6,Idrissa,Cisse,Defensor,NGA
NGA-7,Sekou,Ndiaye,Defensor,NGA
NGA-8,Oumar,Haddad,Defensor,NGA
NGA-9,Tendai,Sylla,Defensor,NGA
NGA-10,Sekou,Nkemelu,Mediocampista,NGA
NGA-11,Hicham,Mensah,Mediocampista,NGA
NGA-12,Ayoub,Zerhouni,Arquero,NGA
NGA-13,Sipho,Haddad,Mediocampista,NGA
NGA-14,Zola,Nkemelu,Mediocampista,NGA
NGA-15,Kofi,Toure,Mediocampista,NGA
NGA-16,Nabil,Sylla,Mediocampista,NGA
NGA-17,Kwame,Sylla,Mediocampista,NGA
NGA-18,Youssef,Adeyemi,Mediocampista,NGA
NGA-19,Kwame,Benali,Mediocampista,NGA
NGA-20,Tarek,Adeyemi,Delantero,NGA
NGA-21,Youssef,Camara,Delantero,NGA
NGA-22,Youssef,Mokoena,Delantero,NGA
NGA-23,Rachid,Mensah,Arquero,NGA
NGA-24,Bakary,Haddad,Delantero,NGA
NGA-25,Amadou,Adeyemi,Delantero,NGA
NGA-26,Mamadou,Mensah,Delantero,NGA
NOR-1,Nicolas,Petrov,Arquero,NOR
NOR-2,Julian,Kaminski,Defensor,NOR
NOR-3,Pavel,Kovacs,Defensor,NOR
NOR-4,Antoine,Marino,Defensor,NOR
NOR-5,Kristian,Silva,Defensor,NOR
NOR-6,Antoine,Weber,Defensor,NOR
NOR-7,Nicolas,Moreau,Defensor,NOR
NOR-8,Lucas,Marino,Defensor,NOR
NOR-9,Antoine,Fischer,Defensor,NOR
NOR-10,Nicolas,Fischer,Mediocampista,NOR
NOR-11,Daniel,Kaminski,Mediocampista,NOR
NOR-12,Thomas,Silva,Arquero,NOR
NOR-13,Emil,Horvat,Mediocampista,NOR
NOR-14,Jonas,Kaminski,Mediocampista,NOR
NOR-15,Stefan,Moreau,Mediocampista,NOR
NOR-16,Antoine,Kaminski,Mediocampista,NOR
NOR-17,Rafael,Silva,Mediocampista,NOR
NOR-18,Stefan,Kaminski,Mediocampista,NOR
NOR-19,Robin,Petrov,Mediocampista,NOR
NOR-20,Daniel,Kovacs,Delantero,NOR
NOR-21,Leon,Weber,Delantero,NOR
NOR-22,Sergio,Fischer,Delantero,NOR
NOR-23,Viktor,Marino,Arquero,NOR
NOR-24,Jonas,Rossi,Delantero,NOR
NOR-25,Rafael,Vidal,Delantero,NOR
NOR-26,Sergio,Nowak,Delantero,NOR
NZL-1,Tevita,Fifita,Arquero,NZL
NZL-2,Taine,Rakau,Defensor,NZL
NZL-3,Malu,Fifita,Defensor,NZL
NZL-4,Hemi,Sione,Defensor,NZL
NZL-5,Sione,Halapua,Defensor,NZL
NZL-6,Dylan,Tupou,Defensor,NZL
NZL-7,Aleki,Rakau,Defensor,NZL
NZL-8,Sione,Latu,Defensor,NZL
NZL-9,Aleki,Tuilagi,Defensor,NZL
NZL-10,Taine,Halapua,Mediocampista,NZL
NZL-11,Ari,Fifita,Mediocampista,NZL
NZL-12,Ethan,Hokianga,Arquero,NZL
NZL-13,Manu,Latu,Mediocampista,NZL
NZL-14,Jayden,Tupou,Mediocampista,NZL
NZL-15,Kalolo,Sione,Mediocampista,NZL
NZL-16,Kalolo,Mataitini,Mediocampista,NZL
NZL-17,Kalolo,Kamoto,Mediocampista,NZL
NZL-18,Rewi,Thompson,Mediocampista,NZL
NZL-19,Liam,Ravu,Mediocampista,NZL
NZL-20,Josua,Tupou,Delantero,NZL
NZL-21,Hemi,Hokianga,Delantero,NZL
NZL-22,Ryder,Morrison,Delantero,NZL
NZL-23,Tevita,Rakau,Arquero,NZL
NZL-24,Caleb,Fifita,Delantero,NZL
NZL-25,Jayden,Ngata,Delantero,NZL
NZL-26,Hemi,Kamoto,Delantero,NZL
OMA-1,Haruki,Jang,Arquero,OMA
OMA-2,Hassan,Yamamoto,Defensor,OMA
OMA-3,Takumi,Choi,Defensor,OMA
OMA-4,Nasser,Karimov,Defensor,OMA
OMA-5,Minjun,Watanabe,Defensor,OMA
OMA-6,Seojun,Lee,Defensor,OMA
OMA-7,Haruki,Farhadi,Defensor,OMA
OMA-8,Bilal,Rahimi,Defensor,OMA
OMA-9,Hassan,Watanabe,Defensor,OMA
OMA-10,Takumi,Abbas,Mediocampista,OMA
OMA-11,Dongwon,Park,Mediocampista,OMA
OMA-12,Jinwoo,Al Harbi,Arquero,OMA
OMA-13,Reza,Aziz,Mediocampista,OMA
OMA-14,Kenta,Farhadi,Mediocampista,OMA
OMA-15,Dongwon,Aziz,Mediocampista,OMA
OMA-16,Minjun,Jang,Mediocampista,OMA
OMA-17,Faisal,Watanabe,Mediocampista,OMA
OMA-18,Seojun,Choi,Mediocampista,OMA
OMA-19,Bilal,Aziz,Mediocampista,OMA
OMA-20,Hassan,Abbas,Delantero,OMA
OMA-21,Ahmad,Yamamoto,Delantero,OMA
OMA-22,Riku,Al Mansouri,Delantero,OMA
OMA-23,Jihoon,Farhadi,Arquero,OMA
OMA-24,Takumi,Lee,Delantero,OMA
OMA-25,Dongwon,Nakamura,Delantero,OMA
OMA-26,Karim,Rahimi,Delantero,OMA
PAN-1,Alexis,Mendoza,Arquero,PAN
PAN-2,Kevin,Guzman,Defensor,PAN
PAN-3,Ricardo,Ortega,Defensor,PAN
PAN-4,Hector,Hernandez,Defensor,PAN
PAN-5,Damian,Vargas,Defensor,PAN
PAN-6,Luis,Guzman,Defensor,PAN
PAN-7,Ricardo,Pierre,Defensor,PAN
PAN-8,Nelson,Ramirez,Defensor,PAN
PAN-9,Ricardo,Navarro,Defensor,PAN
PAN-10,Luis,Hernandez,Mediocampista,PAN
PAN-11,Nelson,Navarro,Mediocampista,PAN
PAN-12,Alexis,Lafleur,Arquero,PAN
PAN-13,Kevin,Baptiste,Mediocampista,PAN
PAN-14,Jean,Solano,Mediocampista,PAN
PAN-15,Luis,Pierre,Mediocampista,PAN
PAN-16,Nelson,Ortega,Mediocampista,PAN
PAN-17,Pierre,Jean-Louis,Mediocampista,PAN
PAN-18,Wilfried,Lafleur,Mediocampista,PAN
PAN-19,Marlon,Reyes,Mediocampista,PAN
PAN-20,Bryan,Mendoza,Delantero,PAN
PAN-21,Manuel,Ramirez,Delantero,PAN
PAN-22,Jean,Coronado,Delantero,PAN
PAN-23,Damian,Delgado,Arquero,PAN
PAN-24,Alexis,Vargas,Delantero,PAN
PAN-25,Pierre,Pierre,Delantero,PAN
PAN-26,Roberto,Serrano,Delantero,PAN
PAR-1,Ezequiel,Maldonado,Arquero,PAR
PAR-2,Diego,Villalba,Defensor,PAR
PAR-3,Franco,Maldonado,Defensor,PAR
PAR-4,Facundo,Villalba,Defensor,PAR
PAR-5,Gonzalo,Cardozo,Defensor,PAR
PAR-6,Maximiliano,Cardozo,Defensor,PAR
PAR-7,Ezequiel,Ferreira,Defensor,PAR
PAR-8,Ezequiel,Meireles,Defensor,PAR
PAR-9,Ignacio,Peralta,Defensor,PAR
PAR-10,Thiago,Ocampo,Mediocampista,PAR
PAR-11,Nahuel,Paredes,Mediocampista,PAR
PAR-12,Ignacio,Maldonado,Arquero,PAR
PAR-13,Joaquin,Cardozo,Mediocampista,PAR
PAR-14,Joaquin,Cabrera,Mediocampista,PAR
PAR-15,Emiliano,Castillo,Mediocampista,PAR
PAR-16,Ezequiel,Paredes,Mediocampista,PAR
PAR-17,Diego,Escobar,Mediocampista,PAR
PAR-18,Alvaro,Meireles,Mediocampista,PAR
PAR-19,Emiliano,Zambrano,Mediocampista,PAR
PAR-20,Camilo,Ocampo,Delantero,PAR
PAR-21,Rodrigo,Rojas,Delantero,PAR
PAR-22,Joaquin,Sandoval,Delantero,PAR
PAR-23,Nahuel,Gimenez,Arquero,PAR
PAR-24,Rodrigo,Sandoval,Delantero,PAR
PAR-25,Maximiliano,Zambrano,Delantero,PAR
PAR-26,Facundo,Zambrano,Delantero,PAR
PER-1,Nahuel,Maldonado,Arquero,PER
PER-2,Rodrigo,Cardozo,Defensor,PER
PER-3,Renato,Bermudez,Defensor,PER
PER-4,Diego,Ferreira,Defensor,PER
PER-5,Bruno,Villalba,Defensor,PER
PER-6,Alvaro,Bustos,Defensor,PER
PER-7,Ezequiel,Zambrano,Defensor,PER
PER-8,Nahuel,Villalba,Defensor,PER
PER-9,Nahuel,Peralta,Defensor,PER
PER-10,Santiago,Rojas,Mediocampista,PER
PER-11,Ignacio,Ferreira,Mediocampista,PER
PER-12,Thiago,Bustos,Arquero,PER
PER-13,Matias,Gimenez,Mediocampista,PER
PER-14,Alvaro,Cardozo,Mediocampista,PER
PER-15,Joaquin,Cardozo,Mediocampista,PER
PER-16,Renato,Cardozo,Mediocampista,PER
PER-17,Diego,Gimenez,Mediocampista,PER
PER-18,Maximiliano,Bermudez,Mediocampista,PER
PER-19,Rodrigo,Escobar,Mediocampista,PER
PER-20,Matias,Zambrano,Delantero,PER
PER-21,Joaquin,Rojas,Delantero,PER
PER-22,Santiago,Bustos,Delantero,PER
PER-23,Nahuel,Zambrano,Arquero,PER
PER-24,Renato,Zambrano,Delantero,PER
PER-25,Nahuel,Bermudez,Delantero,PER
PER-26,Julio,Ferreira,Delantero,PER
POL-1,Jonas,Moreau,Arquero,POL
POL-2,Thomas,Rossi,Defensor,POL
POL-3,Robin,Bakker,Defensor,POL
POL-4,Pavel,Kovacs,Defensor,POL
POL-5,Lucas,Larsson,Defensor,POL
POL-6,Nicolas,Novak,Defensor,POL
POL-7,Stefan,Fischer,Defensor,POL
POL-8,Daniel,Nowak,Defensor,POL
POL-9,Julian,Kaminski,Defensor,POL
POL-10,Pavel,Bakker,Mediocampista,POL
POL-11,Robin,Marino,Mediocampista,POL
POL-12,Leon,Andersen,Arquero,POL
POL-13,Andreas,Rossi,Mediocampista,POL
POL-14,Nicolas,Bianchi,Mediocampista,POL
POL-15,Andreas,Moreau,Mediocampista,POL
POL-16,Rafael,Kaminski,Mediocampista,POL
POL-17,Emil,Andersen,Mediocampista,POL
POL-18,Viktor,Muller,Mediocampista,POL
POL-19,Viktor,Hansen,Mediocampista,POL
POL-20,Pavel,Vidal,Delantero,POL
POL-21,Andreas,Nowak,Delantero,POL
POL-22,Daniel,Silva,Delantero,POL
POL-23,Emil,Duarte,Arquero,POL
POL-24,Sergio,Vidal,Delantero,POL
POL-25,Daniel,Duarte,Delantero,POL
POL-26,Antoine,Andersen,Delantero,POL
POR-1,Antoine,Kovacs,Arquero,POR
POR-2,Sergio,Silva,Defensor,POR
POR-3,Sergio,Marino,Defensor,POR
POR-4,Viktor,Kovacs,Defensor,POR
POR-5,Kristian,Larsson,Defensor,POR
POR-6,Daniel,Novak,Defensor,POR
POR-7,Leon,Rossi,Defensor,POR
POR-8,Nicolas,Petrov,Defensor,POR
POR-9,Marco,Silva,Defensor,POR
POR-10,Stefan,Kaminski,Mediocampista,POR
POR-11,Antoine,Horvat,Mediocampista,POR
POR-12,Stefan,Muller,Arquero,POR
POR-13,Daniel,Kovacs,Mediocampista,POR
POR-14,Mateo,Petrov,Mediocampista,POR
POR-15,Emil,Bianchi,Mediocampista,POR
POR-16,Emil,Marino,Mediocampista,POR
POR-17,Pavel,Bianchi,Mediocampista,POR
POR-18,Emil,Hansen,Mediocampista,POR
POR-19,Robin,Fischer,Mediocampista,POR
POR-20,Marco,Vidal,Delantero,POR
POR-21,Julian,Kovacs,Delantero,POR
POR-22,Jonas,Silva,Delantero,POR
POR-23,Marco,Petrov,Arquero,POR
POR-24,Pavel,Marino,Delantero,POR
POR-25,Mateo,Moreau,Delantero,POR
POR-26,Pavel,Vidal,Delantero,POR
QAT-1,Takumi,Shin,Arquero,QAT
QAT-2,Jinwoo,Farhadi,Defensor,QAT
QAT-3,Faisal,Choi,Defensor,QAT
QAT-4,Minjun,Shin,Defensor,QAT
QAT-5,Omar,Aziz,Defensor,QAT
QAT-6,Haruki,Choi,Defensor,QAT
QAT-7,Bilal,Lee,Defensor,QAT
QAT-8,Jinwoo,Al Harbi,Defensor,QAT
QAT-9,Ahmad,Hosseini,Defensor,QAT
QAT-10,Takumi,Saito,Mediocampista,QAT
QAT-11,Bilal,Aziz,Mediocampista,QAT
QAT-12,Jinwoo,Saito,Arquero,QAT
QAT-13,Riku,Hosseini,Mediocampista,QAT
QAT-14,Ali,Yamamoto,Mediocampista,QAT
QAT-15,Minjun,Watanabe,Mediocampista,QAT
QAT-16,Karim,Farhadi,Mediocampista,QAT
QAT-17,Riku,Tanaka,Mediocampista,QAT
QAT-18,Haruki,Tanaka,Mediocampista,QAT
QAT-19,Kenta,Abbas,Mediocampista,QAT
QAT-20,Yusuf,Aziz,Delantero,QAT
QAT-21,Karim,Rahimi,Delantero,QAT
QAT-22,Ali,Rahimi,Delantero,QAT
QAT-23,Jinwoo,Lee,Arquero,QAT
QAT-24,Haruki,Rahimi,Delantero,QAT
QAT-25,Riku,Rahimi,Delantero,QAT
QAT-26,Riku,Al Mansouri,Delantero,QAT
RSA-1,Zola,Keita,Arquero,RSA
RSA-2,Sekou,Keita,Defensor,RSA
RSA-3,Idrissa,Haddad,Defensor,RSA
RSA-4,Rachid,Mokoena,Defensor,RSA
RSA-5,Cheikh,Boateng,Defensor,RSA
RSA-6,Kwame,Dube,Defensor,RSA
RSA-7,Oumar,Toure,Defensor,RSA
RSA-8,Rachid,Keita,Defensor,RSA
RSA-9,Youssef,Boateng,Defensor,RSA
RSA-10,Youssef,Diallo,Mediocampista,RSA
RSA-11,Hicham,Cisse,Mediocampista,RSA
RSA-12,Idrissa,Sylla,Arquero,RSA
RSA-13,Rachid,Benali,Mediocampista,RSA
RSA-14,Tarek,Adeyemi,Mediocampista,RSA
RSA-15,Kwame,Sylla,Mediocampista,RSA
RSA-16,Ibrahim,Mensah,Mediocampista,RSA
RSA-17,Idrissa,Mokoena,Mediocampista,RSA
RSA-18,Cheikh,Haddad,Mediocampista,RSA
RSA-19,Youssef,Adeyemi,Mediocampista,RSA
RSA-20,Tendai,Sylla,Delantero,RSA
RSA-21,Sipho,Dube,Delantero,RSA
RSA-22,Idrissa,Boateng,Delantero,RSA
RSA-23,Sipho,Osei,Arquero,RSA
RSA-24,Hicham,Nkemelu,Delantero,RSA
RSA-25,Kwame,Camara,Delantero,RSA
RSA-26,Tarek,Keita,Delantero,RSA
SCO-1,Sergio,Rossi,Arquero,SCO
SCO-2,Emil,Nowak,Defensor,SCO
SCO-3,Thomas,Bianchi,Defensor,SCO
SCO-4,Rafael,Silva,Defensor,SCO
SCO-5,Kristian,Rossi,Defensor,SCO
SCO-6,Antoine,Silva,Defensor,SCO
SCO-7,Antoine,Petrov,Defensor,SCO
SCO-8,Milan,Fischer,Defensor,SCO
SCO-9,Stefan,Bianchi,Defensor,SCO
SCO-10,Pavel,Nowak,Mediocampista,SCO
SCO-11,Emil,Novak,Mediocampista,SCO
SCO-12,Antoine,Larsson,Arquero,SCO
SCO-13,Kristian,Bakker,Mediocampista,SCO
SCO-14,Robin,Bianchi,Mediocampista,SCO
SCO-15,Kristian,Marino,Mediocampista,SCO
SCO-16,Lucas,Andersen,Mediocampista,SCO
SCO-17,Nicolas,Duarte,Mediocampista,SCO
SCO-18,Jonas,Duarte,Mediocampista,SCO
SCO-19,Milan,Horvat,Mediocampista,SCO
SCO-20,Milan,Nowak,Delantero,SCO
SCO-21,Julian,Petrov,Delantero,SCO
SCO-22,Robin,Fischer,Delantero,SCO
SCO-23,Viktor,Silva,Arquero,SCO
SCO-24,Antoine,Kovacs,Delantero,SCO
SCO-25,Mateo,Vidal,Delantero,SCO
SCO-26,Andreas,Kovacs,Delantero,SCO
SEN-1,Tarek,Nkemelu,Arquero,SEN
SEN-2,Mamadou,Mensah,Defensor,SEN
SEN-3,Sipho,Nkemelu,Defensor,SEN
SEN-4,Chiedozie,Benali,Defensor,SEN
SEN-5,Amadou,Camara,Defensor,SEN
SEN-6,Ayoub,Traore,Defensor,SEN
SEN-7,Kofi,Ndiaye,Defensor,SEN
SEN-8,Mamadou,Benali,Defensor,SEN
SEN-9,Idrissa,Toure,Defensor,SEN
SEN-10,Nabil,Ndiaye,Mediocampista,SEN
SEN-11,Sipho,Benali,Mediocampista,SEN
SEN-12,Kofi,Toure,Arquero,SEN
SEN-13,Tarek,Toure,Mediocampista,SEN
SEN-14,Rachid,Bamba,Mediocampista,SEN
SEN-15,Mamadou,Boateng,Mediocampista,SEN
SEN-16,Sipho,Boateng,Mediocampista,SEN
SEN-17,Hicham,Mensah,Mediocampista,SEN
SEN-18,Sekou,Bamba,Mediocampista,SEN
SEN-19,Cheikh,Cisse,Mediocampista,SEN
SEN-20,Sipho,Mokoena,Delantero,SEN
SEN-21,Cheikh,Mensah,Delantero,SEN
SEN-22,Sekou,Benali,Delantero,SEN
SEN-23,Zola,Keita,Arquero,SEN
SEN-24,Hicham,Camara,Delantero,SEN
SEN-25,Hicham,Keita,Delantero,SEN
SEN-26,Kofi,Nkemelu,Delantero,SEN
SRB-1,Julian,Novak,Arquero,SRB
SRB-2,Emil,Larsson,Defensor,SRB
SRB-3,Emil,Silva,Defensor,SRB
SRB-4,Kristian,Silva,Defensor,SRB
SRB-5,Leon,Weber,Defensor,SRB
SRB-6,Daniel,Larsson,Defensor,SRB
SRB-7,Leon,Rossi,Defensor,SRB
SRB-8,Milan,Andersen,Defensor,SRB
SRB-9,Robin,Rossi,Defensor,SRB
SRB-10,Julian,Hansen,Mediocampista,SRB
SRB-11,Lucas,Moreau,Mediocampista,SRB
SRB-12,Julian,Silva,Arquero,SRB
SRB-13,Julian,Bianchi,Mediocampista,SRB
SRB-14,Jonas,Weber,Mediocampista,SRB
SRB-15,Nicolas,Silva,Mediocampista,SRB
SRB-16,Leon,Bianchi,Mediocampista,SRB
SRB-17,Kristian,Rossi,Mediocampista,SRB
SRB-18,Nicolas,Andersen,Mediocampista,SRB
SRB-19,Sergio,Bakker,Mediocampista,SRB
SRB-20,Stefan,Weber,Delantero,SRB
SRB-21,Pavel,Kaminski,Delantero,SRB
SRB-22,Marco,Vidal,Delantero,SRB
SRB-23,Rafael,Horvat,Arquero,SRB
SRB-24,Viktor,Duarte,Delantero,SRB
SRB-25,Pavel,Muller,Delantero,SRB
SRB-26,Emil,Horvat,Delantero,SRB
SUI-1,Thomas,Moreau,Arquero,SUI
SUI-2,Daniel,Novak,Defensor,SUI
SUI-3,Viktor,Bakker,Defensor,SUI
SUI-4,Pavel,Duarte,Defensor,SUI
SUI-5,Stefan,Larsson,Defensor,SUI
SUI-6,Jonas,Silva,Defensor,SUI
SUI-7,Andreas,Andersen,Defensor,SUI
SUI-8,Nicolas,Hansen,Defensor,SUI
SUI-9,Pavel,Bianchi,Defensor,SUI
SUI-10,Marco,Muller,Mediocampista,SUI
SUI-11,Sergio,Andersen,Mediocampista,SUI
SUI-12,Lucas,Kaminski,Arquero,SUI
SUI-13,Antoine,Nowak,Mediocampista,SUI
SUI-14,Leon,Andersen,Mediocampista,SUI
SUI-15,Julian,Larsson,Mediocampista,SUI
SUI-16,Milan,Larsson,Mediocampista,SUI
SUI-17,Leon,Rossi,Mediocampista,SUI
SUI-18,Nicolas,Horvat,Mediocampista,SUI
SUI-19,Robin,Nowak,Mediocampista,SUI
SUI-20,Rafael,Rossi,Delantero,SUI
SUI-21,Stefan,Hansen,Delantero,SUI
SUI-22,Kristian,Horvat,Delantero,SUI
SUI-23,Thomas,Bianchi,Arquero,SUI
SUI-24,Thomas,Silva,Delantero,SUI
SUI-25,Nicolas,Novak,Delantero,SUI
SUI-26,Robin,Petrov,Delantero,SUI
SWE-1,Robin,Silva,Arquero,SWE
SWE-2,Andreas,Duarte,Defensor,SWE
SWE-3,Sergio,Muller,Defensor,SWE
SWE-4,Pavel,Nowak,Defensor,SWE
SWE-5,Robin,Marino,Defensor,SWE
SWE-6,Sergio,Vidal,Defensor,SWE
SWE-7,Lucas,Fischer,Defensor,SWE
SWE-8,Pavel,Bakker,Defensor,SWE
SWE-9,Stefan,Andersen,Defensor,SWE
SWE-10,Marco,Kovacs,Mediocampista,SWE
SWE-11,Stefan,Bakker,Mediocampista,SWE
SWE-12,Sergio,Marino,Arquero,SWE
SWE-13,Andreas,Nowak,Mediocampista,SWE
SWE-14,Pavel,Muller,Mediocampista,SWE
SWE-15,Thomas,Larsson,Mediocampista,SWE
SWE-16,Kristian,Rossi,Mediocampista,SWE
SWE-17,Mateo,Larsson,Mediocampista,SWE
SWE-18,Antoine,Petrov,Mediocampista,SWE
SWE-19,Daniel,Hansen,Mediocampista,SWE
SWE-20,Mateo,Kaminski,Delantero,SWE
SWE-21,Stefan,Larsson,Delantero,SWE
SWE-22,Nicolas,Petrov,Delantero,SWE
SWE-23,Emil,Andersen,Arquero,SWE
SWE-24,Marco,Marino,Delantero,SWE
SWE-25,Emil,Bakker,Delantero,SWE
SWE-26,Jonas,Petrov,Delantero,SWE
TUN-1,Tendai,Bekele,Arquero,TUN
TUN-2,Cheikh,Traore,Defensor,TUN
TUN-3,Tendai,Nkemelu,Defensor,TUN
TUN-4,Kwame,Toure,Defensor,TUN
TUN-5,Chiedozie,Toure,Defensor,TUN
TUN-6,Kofi,Keita,Defensor,TUN
TUN-7,Kwame,Keita,Defensor,TUN
TUN-8,Sipho,Adeyemi,Defensor,TUN
TUN-9,Sipho,Diallo,Defensor,TUN
TUN-10,Rachid,Osei,Mediocampista,TUN
TUN-11,Youssef,Mensah,Mediocampista,TUN
TUN-12,Sekou,Toure,Arquero,TUN
TUN-13,Kofi,Ndiaye,Mediocampista,TUN
TUN-14,Zola,Zerhouni,Mediocampista,TUN
TUN-15,Hicham,Toure,Mediocampista,TUN
TUN-16,Cheikh,Bamba,Mediocampista,TUN
TUN-17,Youssef,Keita,Mediocampista,TUN
TUN-18,Mamadou,Mensah,Mediocampista,TUN
TUN-19,Zola,Toure,Mediocampista,TUN
TUN-20,Nabil,Haddad,Delantero,TUN
TUN-21,Amadou,Benali,Delantero,TUN
TUN-22,Zola,Cisse,Delantero,TUN
TUN-23,Kofi,Mokoena,Arquero,TUN
TUN-24,Tarek,Camara,Delantero,TUN
TUN-25,Sekou,Bamba,Delantero,TUN
TUN-26,Tendai,Ndiaye,Delantero,TUN
TUR-1,Rafael,Silva,Arquero,TUR
TUR-2,Pavel,Vidal,Defensor,TUR
TUR-3,Viktor,Weber,Defensor,TUR
TUR-4,Rafael,Muller,Defensor,TUR
TUR-5,Jonas,Bianchi,Defensor,TUR
TUR-6,Robin,Andersen,Defensor,TUR
TUR-7,Lucas,Hansen,Defensor,TUR
TUR-8,Daniel,Horvat,Defensor,TUR
TUR-9,Leon,Hansen,Defensor,TUR
TUR-10,Sergio,Larsson,Mediocampista,TUR
TUR-11,Emil,Novak,Mediocampista,TUR
TUR-12,Milan,Hansen,Arquero,TUR
TUR-13,Viktor,Hansen,Mediocampista,TUR
TUR-14,Jonas,Marino,Mediocampista,TUR
TUR-15,Jonas,Hansen,Mediocampista,TUR
TUR-16,Julian,Kaminski,Mediocampista,TUR
TUR-17,Pavel,Nowak,Mediocampista,TUR
TUR-18,Lucas,Bakker,Mediocampista,TUR
TUR-19,Andreas,Silva,Mediocampista,TUR
TUR-20,Thomas,Horvat,Delantero,TUR
TUR-21,Kristian,Vidal,Delantero,TUR
TUR-22,Robin,Horvat,Delantero,TUR
TUR-23,Antoine,Fischer,Arquero,TUR
TUR-24,Jonas,Larsson,Delantero,TUR
TUR-25,Antoine,Larsson,Delantero,TUR
TUR-26,Daniel,Vidal,Delantero,TUR
UKR-1,Milan,Vidal,Arquero,UKR
UKR-2,Rafael,Petrov,Defensor,UKR
UKR-3,Rafael,Bianchi,Defensor,UKR
UKR-4,Thomas,Novak,Defensor,UKR
UKR-5,Pavel,Larsson,Defensor,UKR
UKR-6,Rafael,Fischer,Defensor,UKR
UKR-7,Andreas,Larsson,Defensor,UKR
UKR-8,Thomas,Rossi,Defensor,UKR
UKR-9,Stefan,Fischer,Defensor,UKR
UKR-10,Antoine,Horvat,Mediocampista,UKR
UKR-11,Pavel,Weber,Mediocampista,UKR
UKR-12,Kristian,Larsson,Arquero,UKR
UKR-13,Mateo,Novak,Mediocampista,UKR
UKR-14,Viktor,Moreau,Mediocampista,UKR
UKR-15,Daniel,Horvat,Mediocampista,UKR
UKR-16,Rafael,Moreau,Mediocampista,UKR
UKR-17,Thomas,Bianchi,Mediocampista,UKR
UKR-18,Rafael,Weber,Mediocampista,UKR
UKR-19,Thomas,Moreau,Mediocampista,UKR
UKR-20,Lucas,Weber,Delantero,UKR
UKR-21,Kristian,Silva,Delantero,UKR
UKR-22,Stefan,Duarte,Delantero,UKR
UKR-23,Sergio,Novak,Arquero,UKR
UKR-24,Robin,Hansen,Delantero,UKR
UKR-25,Milan,Andersen,Delantero,UKR
UKR-26,Kristian,Hansen,Delantero,UKR
URU-1,Diego,Quiroga,Arquero,URU
URU-2,Santiago,Zambrano,Defensor,URU
URU-3,Maximiliano,Peralta,Defensor,URU
URU-4,Joaquin,Ferreira,Defensor,URU
URU-5,Nahuel,Gimenez,Defensor,URU
URU-6,Nahuel,Rojas,Defensor,URU
URU-7,Diego,Aguilera,Defensor,URU
URU-8,Ezequiel,Barrios,Defensor,URU
URU-9,Ignacio,Cardozo,Defensor,URU
URU-10,Camilo,Ferreira,Mediocampista,URU
URU-11,Alvaro,Ocampo,Mediocampista,URU
URU-12,Maximiliano,Cardozo,Arquero,URU
URU-13,Franco,Barrios,Mediocampista,URU
URU-14,Rodrigo,Barrios,Mediocampista,URU
URU-15,Facundo,Zambrano,Mediocampista,URU
URU-16,Facundo,Villalba,Mediocampista,URU
URU-17,Santiago,Peralta,Mediocampista,URU
URU-18,Gonzalo,Ocampo,Mediocampista,URU
URU-19,Bruno,Maldonado,Mediocampista,URU
URU-20,Franco,Ocampo,Delantero,URU
URU-21,Bruno,Peralta,Delantero,URU
URU-22,Maximiliano,Zambrano,Delantero,URU
URU-23,Emiliano,Cardozo,Arquero,URU
URU-24,Julio,Cardozo,Delantero,URU
URU-25,Bruno,Barrios,Delantero,URU
URU-26,Nahuel,Ocampo,Delantero,URU
USA-1,Jorge,Pierre,Arquero,USA
USA-2,Anthony,Vargas,Defensor,USA
USA-3,Anthony,Hernandez,Defensor,USA
USA-4,Luis,Delgado,Defensor,USA
USA-5,Jean,Mendoza,Defensor,USA
USA-6,Eduardo,Campbell,Defensor,USA
USA-7,Luis,Espinoza,Defensor,USA
USA-8,Alexis,Delgado,Defensor,USA
USA-9,Nelson,Ramirez,Defensor,USA
USA-10,Carlos,Campbell,Mediocampista,USA
USA-11,Carlos,Guzman,Mediocampista,USA
USA-12,Manuel,Hernandez,Arquero,USA
USA-13,Wilfried,Coronado,Mediocampista,USA
USA-14,Nelson,Solano,Mediocampista,USA
USA-15,Pierre,Campbell,Mediocampista,USA
USA-16,Kevin,Vargas,Mediocampista,USA
USA-17,Eduardo,Lafleur,Mediocampista,USA
USA-18,Pierre,Espinoza,Mediocampista,USA
USA-19,Carlos,Espinoza,Mediocampista,USA
USA-20,Eduardo,Baptiste,Delantero,USA
USA-21,Pierre,Vargas,Delantero,USA
USA-22,Wilfried,Serrano,Delantero,USA
USA-23,Ricardo,Navarro,Arquero,USA
USA-24,Manuel,Charles,Delantero,USA
USA-25,Eduardo,Mendoza,Delantero,USA
USA-26,Damian,Ramirez,Delantero,USA
UZB-1,Jihoon,Lee,Arquero,UZB
UZB-2,Kenta,Al Mansouri,Defensor,UZB
UZB-3,Karim,Nakamura,Defensor,UZB
UZB-4,Takumi,Abbas,Defensor,UZB
UZB-5,Faisal,Saito,Defensor,UZB
UZB-6,Ali,Choi,Defensor,UZB
UZB-7,Faisal,Al Harbi,Defensor,UZB
UZB-8,Minjun,Choi,Defensor,UZB
UZB-9,Omar,Watanabe,Defensor,UZB
UZB-10,Hassan,Choi,Mediocampista,UZB
UZB-11,Yusuf,Park,Mediocampista,UZB
UZB-12,Jihoon,Saito,Arquero,UZB
UZB-13,Minjun,Park,Mediocampista,UZB
UZB-14,Bilal,Al Harbi,Mediocampista,UZB
UZB-15,Karim,Saito,Mediocampista,UZB
UZB-16,Nasser,Nakamura,Mediocampista,UZB
UZB-17,Nasser,Abbas,Mediocampista,UZB
UZB-18,Minjun,Abbas,Mediocampista,UZB
UZB-19,Kenta,Nakamura,Mediocampista,UZB
UZB-20,Karim,Al Harbi,Delantero,UZB
UZB-21,Karim,Kim,Delantero,UZB
UZB-22,Hassan,Tanaka,Delantero,UZB
UZB-23,Sora,Tanaka,Arquero,UZB
UZB-24,Karim,Park,Delantero,UZB
UZB-25,Yusuf,Shin,Delantero,UZB
UZB-26,Ahmad,Lee,Delantero,UZB
VEN-1,Joaquin,Bermudez,Arquero,VEN
VEN-2,Emiliano,Rojas,Defensor,VEN
VEN-3,Julio,Cardozo,Defensor,VEN
VEN-4,Facundo,Quiroga,Defensor,VEN
VEN-5,Nahuel,Escobar,Defensor,VEN
VEN-6,Santiago,Paredes,Defensor,VEN
VEN-7,Diego,Gimenez,Defensor,VEN
VEN-8,Joaquin,Bustos,Defensor,VEN
VEN-9,Bruno,Cabrera,Defensor,VEN
VEN-10,Facundo,Castillo,Mediocampista,VEN
VEN-11,Emiliano,Maldonado,Mediocampista,VEN
VEN-12,Camilo,Quiroga,Arquero,VEN
VEN-13,Matias,Villalba,Mediocampista,VEN
VEN-14,Ezequiel,Cabrera,Mediocampista,VEN
VEN-15,Joaquin,Villalba,Mediocampista,VEN
VEN-16,Diego,Cabrera,Mediocampista,VEN
VEN-17,Rodrigo,Aguilera,Mediocampista,VEN
VEN-18,Rodrigo,Paredes,Mediocampista,VEN
VEN-19,Alvaro,Ocampo,Mediocampista,VEN
VEN-20,Nahuel,Rojas,Delantero,VEN
VEN-21,Julio,Bermudez,Delantero,VEN
VEN-22,Nahuel,Gimenez,Delantero,VEN
VEN-23,Facundo,Barrios,Arquero,VEN
VEN-24,Julio,Escobar,Delantero,VEN
VEN-25,Rodrigo,Meireles,Delantero,VEN
VEN-26,Maximiliano,Castillo,Delantero,VEN
WAL-1,Milan,Bakker,Arquero,WAL
WAL-2,Andreas,Silva,Defensor,WAL
WAL-3,Emil,Bianchi,Defensor,WAL
WAL-4,Jonas,Nowak,Defensor,WAL
WAL-5,Nicolas,Silva,Defensor,WAL
WAL-6,Andreas,Petrov,Defensor,WAL
WAL-7,Marco,Andersen,Defensor,WAL
WAL-8,Leon,Bianchi,Defensor,WAL
WAL-9,Viktor,Fischer,Defensor,WAL
WAL-10,Robin,Andersen,Mediocampista,WAL
WAL-11,Lucas,Larsson,Mediocampista,WAL
WAL-12,Marco,Duarte,Arquero,WAL
WAL-13,Pavel,Rossi,Mediocampista,WAL
WAL-14,Sergio,Weber,Mediocampista,WAL
WAL-15,Viktor,Silva,Mediocampista,WAL
WAL-16,Milan,Fischer,Mediocampista,WAL
WAL-17,Robin,Moreau,Mediocampista,WAL
WAL-18,Marco,Kaminski,Mediocampista,WAL
WAL-19,Andreas,Bakker,Mediocampista,WAL
WAL-20,Lucas,Kovacs,Delantero,WAL
WAL-21,Emil,Novak,Delantero,WAL
WAL-22,Nicolas,Andersen,Delantero,WAL
WAL-23,Leon,Kovacs,Arquero,WAL
WAL-24,Emil,Hansen,Delantero,WAL
WAL-25,Andreas,Kovacs,Delantero,WAL
WAL-26,Daniel,Vidal,Delantero,WAL
