evento_id,jugador_id,rol
E-0001,URU-10,autor
E-0001,URU-21,asistencia
E-0002,URU-22,amonestado
E-0003,URU-11,amonestado
E-0004,KSA-25,sale
E-0004,KSA-18,entra
E-0005,KSA-5,sale
E-0005,KSA-9,entra
E-0006,KSA-24,autor
E-0006,KSA-14,asistencia
E-0007,KSA-2,sale
E-0007,KSA-7,entra
E-0008,URU-22,sale
E-0008,URU-25,entra
E-0009,KSA-20,sale
E-0009,KSA-21,entra
E-0010,KSA-9,amonestado
E-0011,URU-10,autor
E-0011,URU-16,asistencia
E-0012,URU-20,sale
E-0012,URU-13,entra
E-0013,KSA-14,sale
E-0013,KSA-8,entra
E-0014,URU-5,sale
E-0014,URU-8,entra
E-0015,URU-10,amonestado
E-0016,ARG-4,autor
E-0016,ARG-26,asistencia
E-0017,JOR-15,sale
E-0017,JOR-17,entra
E-0018,ARG-4,sale
E-0018,ARG-9,entra
E-0019,JOR-20,sale
E-0019,JOR-22,entra
E-0020,ARG-5,sale
E-0020,ARG-8,entra
E-0021,JOR-4,sale
E-0021,JOR-2,entra
E-0022,ARG-14,sale
E-0022,ARG-13,entra
E-0023,ARG-2,sale
E-0023,ARG-25,entra
E-0024,JOR-11,sale
E-0024,JOR-16,entra
E-0025,ARG-10,amonestado
E-0026,JOR-10,sale
E-0026,JOR-26,entra
E-0027,ARG-26,autor
E-0027,ARG-10,asistencia
E-0028,JOR-9,amonestado
E-0029,ARG-24,autor
E-0029,ARG-13,asistencia
E-0030,USA-3,amonestado
E-0031,PAR-17,amonestado
E-0032,USA-20,sale
E-0032,USA-25,entra
E-0033,USA-2,sale
E-0033,USA-26,entra
E-0034,PAR-3,amonestado
E-0035,PAR-6,sale
E-0035,PAR-7,entra
E-0036,USA-3,sale
E-0036,USA-7,entra
E-0037,PAR-22,sale
E-0037,PAR-21,entra
E-0038,PAR-24,sale
E-0038,PAR-20,entra
E-0039,PAR-14,sale
E-0039,PAR-18,entra
E-0040,PAR-25,sale
E-0040,PAR-11,entra
E-0041,USA-4,sale
E-0041,USA-8,entra
E-0042,USA-21,sale
E-0042,USA-15,entra
E-0043,USA-6,amonestado
E-0044,MEX-2,amonestado
E-0045,CZE-18,autor
E-0045,CZE-6,asistencia
E-0046,CZE-8,amonestado
E-0047,CZE-4,amonestado
E-0048,MEX-7,sale
E-0048,MEX-22,entra
E-0049,MEX-26,autor
E-0049,MEX-20,asistencia
E-0050,MEX-11,sale
E-0050,MEX-19,entra
E-0051,MEX-22,autor
E-0052,CZE-4,sale
E-0052,CZE-7,entra
E-0053,MEX-10,sale
E-0053,MEX-14,entra
E-0054,CZE-22,autor
E-0054,CZE-18,asistencia
E-0055,CZE-16,sale
E-0055,CZE-15,entra
E-0056,MEX-26,sale
E-0056,MEX-17,entra
E-0057,CZE-6,sale
E-0057,CZE-14,entra
E-0058,MEX-14,amonestado
E-0059,CZE-24,amonestado
E-0060,KOR-22,autor
E-0061,RSA-11,autor
E-0061,RSA-9,asistencia
E-0062,RSA-26,autor
E-0063,KOR-19,sale
E-0063,KOR-17,entra
E-0064,KOR-10,autor
E-0065,KOR-22,sale
E-0065,KOR-26,entra
E-0066,KOR-26,autor
E-0067,KOR-3,sale
E-0067,KOR-6,entra
E-0068,RSA-24,sale
E-0068,RSA-21,entra
E-0069,KOR-2,amonestado
E-0070,RSA-6,sale
E-0070,RSA-22,entra
E-0071,RSA-10,sale
E-0071,RSA-4,entra
E-0072,KOR-4,amonestado
E-0073,RSA-2,sale
E-0073,RSA-5,entra
E-0074,RSA-8,sale
E-0074,RSA-7,entra
E-0075,KOR-10,autor
E-0075,KOR-6,asistencia
E-0076,SUI-18,amonestado
E-0077,BIH-11,autor
E-0077,BIH-3,asistencia
E-0078,SUI-6,sale
E-0078,SUI-14,entra
E-0079,BIH-9,sale
E-0079,BIH-5,entra
E-0080,SUI-13,sale
E-0080,SUI-7,entra
E-0081,SUI-3,sale
E-0081,SUI-17,entra
E-0082,BIH-2,sale
E-0082,BIH-8,entra
E-0083,BIH-3,sale
E-0083,BIH-6,entra
E-0084,SUI-20,sale
E-0084,SUI-24,entra
E-0085,BIH-24,sale
E-0085,BIH-15,entra
E-0086,BIH-13,amonestado
E-0087,SUI-22,sale
E-0087,SUI-19,entra
E-0088,BIH-7,sale
E-0088,BIH-19,entra
E-0089,BIH-21,autor
E-0089,BIH-15,asistencia
E-0090,BIH-21,autor
E-0090,BIH-13,asistencia
E-0091,QAT-21,autor
E-0091,QAT-8,asistencia
E-0092,CAN-6,amonestado
E-0093,QAT-16,amonestado
E-0094,CAN-24,sale
E-0094,CAN-19,entra
E-0095,CAN-11,sale
E-0095,CAN-9,entra
E-0096,CAN-6,sale
E-0096,CAN-21,entra
E-0097,QAT-8,sale
E-0097,QAT-26,entra
E-0098,CAN-22,sale
E-0098,CAN-20,entra
E-0099,QAT-20,sale
E-0099,QAT-22,entra
E-0100,QAT-10,amonestado
E-0101,QAT-21,sale
E-0101,QAT-6,entra
E-0102,CAN-3,sale
E-0102,CAN-16,entra
E-0103,QAT-5,amonestado
E-0104,HAI-2,amonestado
E-0105,BRA-20,autor
E-0105,BRA-2,asistencia
E-0106,BRA-11,autor
E-0106,BRA-19,asistencia
E-0107,BRA-19,sale
E-0107,BRA-16,entra
E-0108,BRA-2,amonestado
E-0109,BRA-20,sale
E-0109,BRA-26,entra
E-0110,HAI-10,sale
E-0110,HAI-19,entra
E-0111,BRA-10,sale
E-0111,BRA-13,entra
E-0112,HAI-22,sale
E-0112,HAI-25,entra
E-0113,BRA-22,autor
E-0114,HAI-11,sale
E-0114,HAI-18,entra
E-0115,HAI-2,sale
E-0115,HAI-5,entra
E-0116,HAI-18,amonestado
E-0117,BRA-11,amonestado
E-0118,HAI-19,expulsado
E-0119,MAR-4,autor
E-0120,MAR-5,amonestado
E-0121,SCO-26,sale
E-0121,SCO-21,entra
E-0122,MAR-22,sale
E-0122,MAR-26,entra
E-0123,SCO-20,sale
E-0123,SCO-22,entra
E-0124,MAR-5,sale
E-0124,MAR-8,entra
E-0125,SCO-10,sale
E-0125,SCO-16,entra
E-0126,MAR-8,amonestado
E-0127,MAR-20,sale
E-0127,MAR-15,entra
E-0128,SCO-15,sale
E-0128,SCO-18,entra
E-0129,SCO-4,amonestado
E-0130,TUR-25,autor
E-0131,TUR-14,amonestado
E-0132,AUS-21,amonestado
E-0133,AUS-10,amonestado
E-0134,AUS-16,autor
E-0134,AUS-10,asistencia
E-0135,AUS-10,sale
E-0135,AUS-17,entra
E-0136,AUS-13,sale
E-0136,AUS-26,entra
E-0137,TUR-14,sale
E-0137,TUR-18,entra
E-0138,AUS-16,sale
E-0138,AUS-14,entra
E-0139,TUR-2,sale
E-0139,TUR-4,entra
E-0140,TUR-6,sale
E-0140,TUR-17,entra
E-0141,AUS-21,autor
E-0141,AUS-26,asistencia
E-0142,TUR-4,amonestado
E-0143,AUS-20,amonestado
E-0144,CUW-22,autor
E-0145,CUW-4,amonestado
E-0146,CUW-5,amonestado
E-0147,GER-8,sale
E-0147,GER-3,entra
E-0148,CUW-5,sale
E-0148,CUW-18,entra
E-0149,GER-16,autor
E-0150,GER-25,sale
E-0150,GER-24,entra
E-0151,CUW-22,sale
E-0151,CUW-24,entra
E-0152,CUW-11,sale
E-0152,CUW-19,entra
E-0153,CUW-13,sale
E-0153,CUW-8,entra
E-0154,GER-19,sale
E-0154,GER-17,entra
E-0155,GER-20,sale
E-0155,GER-5,entra
E-0156,CUW-20,sale
E-0156,CUW-25,entra
E-0157,GER-21,amonestado
E-0158,GER-17,expulsado
E-0159,GER-16,autor
E-0159,GER-2,asistencia
E-0160,ECU-7,amonestado
E-0161,CIV-10,amonestado
E-0162,ECU-10,sale
E-0162,ECU-5,entra
E-0163,ECU-4,sale
E-0163,ECU-8,entra
E-0164,ECU-21,sale
E-0164,ECU-26,entra
E-0165,CIV-7,sale
E-0165,CIV-8,entra
E-0166,CIV-15,sale
E-0166,CIV-21,entra
E-0167,ECU-3,amonestado
E-0168,ECU-8,amonestado
E-0169,CIV-24,sale
E-0169,CIV-5,entra
E-0170,CIV-25,autor
E-0171,ECU-20,autor
E-0172,ECU-22,autor
E-0172,ECU-20,asistencia
E-0173,NED-24,amonestado
E-0174,NED-3,sale
E-0174,NED-22,entra
E-0175,TUN-14,sale
E-0175,TUN-22,entra
E-0176,NED-4,sale
E-0176,NED-5,entra
E-0177,NED-7,sale
E-0177,NED-6,entra
E-0178,TUN-5,sale
E-0178,TUN-19,entra
E-0179,TUN-13,sale
E-0179,TUN-17,entra
E-0180,NED-21,sale
E-0180,NED-13,entra
E-0181,TUN-25,sale
E-0181,TUN-20,entra
E-0182,TUN-24,autor
E-0183,NED-13,amonestado
E-0184,NED-14,autor
E-0184,NED-13,asistencia
E-0185,NED-19,amonestado
E-0186,NED-20,autor
E-0186,NED-18,asistencia
E-0187,JPN-20,autor
E-0187,JPN-26,asistencia
E-0188,SWE-21,autor
E-0188,SWE-9,asistencia
E-0189,JPN-18,amonestado
E-0190,SWE-24,autor
E-0191,JPN-26,sale
E-0191,JPN-14,entra
E-0192,SWE-9,sale
E-0192,SWE-8,entra
E-0193,SWE-6,sale
E-0193,SWE-7,entra
E-0194,JPN-24,sale
E-0194,JPN-25,entra
E-0195,SWE-24,sale
E-0195,SWE-19,entra
E-0196,JPN-2,sale
E-0196,JPN-4,entra
E-0197,SWE-10,sale
E-0197,SWE-13,entra
E-0198,SWE-17,sale
E-0198,SWE-18,entra
E-0199,JPN-18,sale
E-0199,JPN-16,entra
E-0200,SWE-19,amonestado
E-0201,JPN-20,autor
E-0202,NZL-18,autor
E-0202,NZL-22,asistencia
E-0203,BEL-14,amonestado
E-0204,BEL-11,autor
E-0204,BEL-5,asistencia
E-0205,NZL-11,amonestado
E-0206,NZL-20,sale
E-0206,NZL-24,entra
E-0207,NZL-3,sale
E-0207,NZL-9,entra
E-0208,NZL-5,sale
E-0208,NZL-8,entra
E-0209,BEL-3,amonestado
E-0210,BEL-4,sale
E-0210,BEL-2,entra
E-0211,NZL-11,sale
E-0211,NZL-4,entra
E-0212,BEL-10,sale
E-0212,BEL-24,entra
E-0213,BEL-14,sale
E-0213,BEL-13,entra
E-0214,BEL-26,sale
E-0214,BEL-21,entra
E-0215,BEL-2,autor
E-0216,BEL-6,sale
E-0216,BEL-18,entra
E-0217,BEL-13,autor
E-0217,BEL-24,asistencia
E-0218,BEL-22,autor
E-0218,BEL-13,asistencia
E-0219,BEL-5,amonestado
E-0220,IRN-26,autor
E-0220,IRN-6,asistencia
E-0221,IRN-10,amonestado
E-0222,EGY-5,amonestado
E-0223,EGY-20,autor
E-0224,IRN-4,amonestado
E-0225,EGY-5,sale
E-0225,EGY-7,entra
E-0226,IRN-2,sale
E-0226,IRN-8,entra
E-0227,IRN-5,sale
E-0227,IRN-9,entra
E-0228,IRN-14,sale
E-0228,IRN-19,entra
E-0229,EGY-20,sale
E-0229,EGY-26,entra
E-0230,IRN-26,autor
E-0230,IRN-13,asistencia
E-0231,EGY-16,sale
E-0231,EGY-17,entra
E-0232,IRN-19,autor
E-0232,IRN-10,asistencia
E-0233,EGY-14,amonestado
E-0234,IRN-19,autor
E-0235,IRN-19,amonestado
E-0236,CPV-20,autor
E-0236,CPV-24,asistencia
E-0237,CPV-3,amonestado
E-0238,ESP-14,autor
E-0238,ESP-19,asistencia
E-0239,CPV-13,amonestado
E-0240,CPV-20,autor
E-0240,CPV-8,asistencia
E-0241,ESP-25,sale
E-0241,ESP-26,entra
E-0242,CPV-3,sale
E-0242,CPV-9,entra
E-0243,CPV-14,sale
E-0243,CPV-11,entra
E-0244,ESP-11,sale
E-0244,ESP-17,entra
E-0245,ESP-2,sale
E-0245,ESP-7,entra
E-0246,CPV-6,sale
E-0246,CPV-22,entra
E-0247,CPV-8,amonestado
E-0248,FRA-21,autor
E-0248,FRA-4,asistencia
E-0249,IRQ-2,amonestado
E-0250,FRA-21,autor
E-0251,FRA-14,sale
E-0251,FRA-19,entra
E-0252,IRQ-22,sale
E-0252,IRQ-17,entra
E-0253,FRA-20,sale
E-0253,FRA-25,entra
E-0254,FRA-5,sale
E-0254,FRA-7,entra
E-0255,FRA-11,amonestado
E-0256,IRQ-11,sale
E-0256,IRQ-25,entra
E-0257,IRQ-2,sale
E-0257,IRQ-8,entra
E-0258,FRA-3,sale
E-0258,FRA-18,entra
E-0259,FRA-26,autor
E-0259,FRA-6,asistencia
E-0260,FRA-18,amonestado
E-0261,IRQ-20,sale
E-0261,IRQ-16,entra
E-0262,NOR-20,autor
E-0262,NOR-7,asistencia
E-0263,SEN-4,amonestado
E-0264,SEN-18,autor
E-0264,SEN-10,asistencia
E-0265,SEN-19,amonestado
E-0266,NOR-7,amonestado
E-0267,NOR-16,sale
E-0267,NOR-19,entra
E-0268,NOR-25,autor
E-0268,NOR-11,asistencia
E-0269,SEN-18,sale
E-0269,SEN-13,entra
E-0270,NOR-20,sale
E-0270,NOR-13,entra
E-0271,NOR-21,sale
E-0271,NOR-22,entra
E-0272,NOR-2,sale
E-0272,NOR-6,entra
E-0273,SEN-21,sale
E-0273,SEN-20,entra
E-0274,SEN-22,sale
E-0274,SEN-24,entra
E-0275,SEN-3,sale
E-0275,SEN-5,entra
E-0276,NOR-19,autor
E-0276,NOR-6,asistencia
E-0277,SEN-10,autor
E-0278,SEN-26,amonestado
E-0279,SEN-4,sale
E-0279,SEN-14,entra
E-0280,NOR-6,expulsado
E-0281,AUT-3,amonestado
E-0282,AUT-4,amonestado
E-0283,ALG-20,autor
E-0283,ALG-4,asistencia
E-0284,ALG-7,sale
E-0284,ALG-11,entra
E-0285,ALG-11,amonestado
E-0286,AUT-10,sale
E-0286,AUT-8,entra
E-0287,ALG-4,sale
E-0287,ALG-2,entra
E-0288,AUT-3,sale
E-0288,AUT-6,entra
E-0289,ALG-18,sale
E-0289,ALG-15,entra
E-0290,AUT-5,sale
E-0290,AUT-9,entra
E-0291,AUT-15,sale
E-0291,AUT-11,entra
E-0292,ALG-16,sale
E-0292,ALG-9,entra
E-0293,AUT-24,sale
E-0293,AUT-16,entra
E-0294,AUT-6,amonestado
E-0295,AUT-9,expulsado
E-0296,AUT-26,amonestado
E-0297,POR-15,autor
E-0297,POR-10,asistencia
E-0298,COD-18,amonestado
E-0299,POR-3,sale
E-0299,POR-9,entra
E-0300,COD-21,sale
E-0300,COD-7,entra
E-0301,COD-2,sale
E-0301,COD-22,entra
E-0302,POR-20,sale
E-0302,POR-6,entra
E-0303,COD-20,sale
E-0303,COD-14,entra
E-0304,COD-24,autor
E-0305,POR-15,sale
E-0305,POR-19,entra
E-0306,POR-21,sale
E-0306,POR-22,entra
E-0307,COD-5,sale
E-0307,COD-6,entra
E-0308,POR-6,amonestado
E-0309,POR-2,autor
E-0309,POR-19,asistencia
E-0310,POR-9,amonestado
E-0311,POR-10,amonestado
E-0312,COL-24,autor
E-0312,COL-17,asistencia
E-0313,UZB-26,autor
E-0313,UZB-18,asistencia
E-0314,UZB-5,amonestado
E-0315,UZB-21,amonestado
E-0316,COL-8,amonestado
E-0317,COL-10,sale
E-0317,COL-9,entra
E-0318,COL-17,sale
E-0318,COL-5,entra
E-0319,UZB-6,sale
E-0319,UZB-25,entra
E-0320,COL-24,sale
E-0320,COL-15,entra
E-0321,UZB-2,sale
E-0321,UZB-14,entra
E-0322,UZB-11,sale
E-0322,UZB-10,entra
E-0323,UZB-21,autor
E-0324,COL-14,sale
E-0324,COL-16,entra
E-0325,COL-2,sale
E-0325,COL-4,entra
E-0326,COL-4,amonestado
E-0327,UZB-14,amonestado
E-0328,GHA-5,amonestado
E-0329,GHA-14,amonestado
E-0330,ENG-2,sale
E-0330,ENG-9,entra
E-0331,ENG-5,sale
E-0331,ENG-7,entra
E-0332,GHA-3,sale
E-0332,GHA-13,entra
E-0333,ENG-20,autor
E-0333,ENG-10,asistencia
E-0334,GHA-4,sale
E-0334,GHA-24,entra
E-0335,GHA-21,sale
E-0335,GHA-19,entra
E-0336,ENG-3,sale
E-0336,ENG-25,entra
E-0337,ENG-13,sale
E-0337,ENG-14,entra
E-0338,GHA-14,sale
E-0338,GHA-16,entra
E-0339,ENG-21,sale
E-0339,ENG-24,entra
E-0340,GHA-5,sale
E-0340,GHA-6,entra
E-0341,PAN-3,amonestado
E-0342,CRO-4,amonestado
E-0343,PAN-19,autor
E-0344,CRO-16,sale
E-0344,CRO-9,entra
E-0345,CRO-2,sale
E-0345,CRO-8,entra
E-0346,CRO-6,sale
E-0346,CRO-7,entra
E-0347,PAN-2,sale
E-0347,PAN-7,entra
E-0348,PAN-5,sale
E-0348,PAN-9,entra
E-0349,PAN-11,sale
E-0349,PAN-18,entra
E-0350,PAN-22,sale
E-0350,PAN-24,entra
E-0351,PAN-4,sale
E-0351,PAN-6,entra
E-0352,PAN-19,amonestado
E-0353,PAN-16,amonestado
E-0354,CRO-26,autor
E-0355,ITA-26,autor
E-0356,ITA-18,autor
E-0356,ITA-11,asistencia
E-0357,ITA-26,autor
E-0357,ITA-20,asistencia
E-0358,CHN-2,autor
E-0358,CHN-14,asistencia
E-0359,ITA-5,amonestado
E-0360,CHN-22,sale
E-0360,CHN-9,entra
E-0361,ITA-18,sale
E-0361,ITA-6,entra
E-0362,CHN-13,sale
E-0362,CHN-11,entra
E-0363,ITA-11,sale
E-0363,ITA-10,entra
E-0364,ITA-5,sale
E-0364,ITA-9,entra
E-0365,CHN-14,sale
E-0365,CHN-3,entra
E-0366,ITA-2,sale
E-0366,ITA-13,entra
E-0367,CHN-3,amonestado
E-0368,CHN-7,sale
E-0368,CHN-16,entra
E-0369,NGA-22,autor
E-0369,NGA-10,asistencia
E-0370,CHI-4,amonestado
E-0371,CHI-26,autor
E-0371,CHI-10,asistencia
E-0372,NGA-3,amonestado
E-0373,CHI-21,autor
E-0373,CHI-5,asistencia
E-0374,CHI-22,sale
E-0374,CHI-20,entra
E-0375,CHI-3,sale
E-0375,CHI-19,entra
E-0376,NGA-10,amonestado
E-0377,CHI-10,sale
E-0377,CHI-18,entra
E-0378,NGA-22,sale
E-0378,NGA-19,entra
E-0379,CHI-14,sale
E-0379,CHI-13,entra
E-0380,NGA-21,sale
E-0380,NGA-25,entra
E-0381,CHI-5,amonestado
E-0382,CHI-4,autor
E-0383,NGA-2,sale
E-0383,NGA-8,entra
E-0384,CHI-18,amonestado
E-0385,DEN-22,amonestado
E-0386,DEN-2,autor
E-0386,DEN-14,asistencia
E-0387,CMR-18,amonestado
E-0388,DEN-25,autor
E-0388,DEN-11,asistencia
E-0389,DEN-11,amonestado
E-0390,CMR-3,amonestado
E-0391,CMR-8,sale
E-0391,CMR-19,entra
E-0392,DEN-20,sale
E-0392,DEN-26,entra
E-0393,CMR-5,sale
E-0393,CMR-7,entra
E-0394,DEN-11,sale
E-0394,DEN-15,entra
E-0395,DEN-15,autor
E-0396,CMR-18,sale
E-0396,CMR-24,entra
E-0397,CMR-20,sale
E-0397,CMR-22,entra
E-0398,DEN-4,sale
E-0398,DEN-24,entra
E-0399,DEN-25,sale
E-0399,DEN-16,entra
E-0400,CMR-3,sale
E-0400,CMR-4,entra
E-0401,DEN-3,autor
E-0402,WAL-17,amonestado
E-0403,PER-3,amonestado
E-0404,WAL-7,sale
E-0404,WAL-8,entra
E-0405,WAL-14,sale
E-0405,WAL-13,entra
E-0406,WAL-25,sale
E-0406,WAL-9,entra
E-0407,PER-3,sale
E-0407,PER-8,entra
E-0408,PER-21,sale
E-0408,PER-26,entra
E-0409,PER-5,sale
E-0409,PER-4,entra
E-0410,WAL-17,sale
E-0410,WAL-16,entra
E-0411,WAL-5,sale
E-0411,WAL-18,entra
E-0412,WAL-20,autor
E-0413,WAL-22,autor
E-0414,POL-11,amonestado
E-0415,MLI-13,amonestado
E-0416,MLI-11,amonestado
E-0417,MLI-20,sale
E-0417,MLI-15,entra
E-0418,MLI-3,sale
E-0418,MLI-9,entra
E-0419,MLI-10,sale
E-0419,MLI-14,entra
E-0420,POL-5,sale
E-0420,POL-18,entra
E-0421,POL-13,sale
E-0421,POL-14,entra
E-0422,POL-25,sale
E-0422,POL-26,entra
E-0423,POL-20,sale
E-0423,POL-8,entra
E-0424,POL-7,sale
E-0424,POL-9,entra
E-0425,POL-18,amonestado
E-0426,VEN-15,amonestado
E-0427,CRC-24,amonestado
E-0428,CRC-5,amonestado
E-0429,VEN-4,amonestado
E-0430,VEN-15,autor
E-0431,VEN-10,autor
E-0432,VEN-24,autor
E-0432,VEN-11,asistencia
E-0433,CRC-14,autor
E-0433,CRC-13,asistencia
E-0434,CRC-6,amonestado
E-0435,CRC-4,sale
E-0435,CRC-3,entra
E-0436,VEN-20,sale
E-0436,VEN-19,entra
E-0437,CRC-14,sale
E-0437,CRC-7,entra
E-0438,VEN-10,sale
E-0438,VEN-18,entra
E-0439,CRC-5,sale
E-0439,CRC-9,entra
E-0440,CRC-13,sale
E-0440,CRC-17,entra
E-0441,VEN-24,sale
E-0441,VEN-17,entra
E-0442,VEN-25,sale
E-0442,VEN-14,entra
E-0443,CRC-19,sale
E-0443,CRC-22,entra
E-0444,VEN-4,sale
E-0444,VEN-9,entra
E-0445,CRC-2,expulsado
E-0446,NCL-21,amonestado
E-0447,UKR-13,amonestado
E-0448,UKR-7,sale
E-0448,UKR-9,entra
E-0449,NCL-10,sale
E-0449,NCL-24,entra
E-0450,NCL-4,sale
E-0450,NCL-8,entra
E-0451,UKR-22,sale
E-0451,UKR-25,entra
E-0452,UKR-2,sale
E-0452,UKR-4,entra
E-0453,NCL-11,sale
E-0453,NCL-25,entra
E-0454,UKR-9,autor
E-0454,UKR-21,asistencia
E-0455,UKR-5,sale
E-0455,UKR-6,entra
E-0456,NCL-3,sale
E-0456,NCL-2,entra
E-0457,UKR-6,amonestado
E-0458,UKR-20,autor
E-0459,NCL-21,sale
E-0459,NCL-7,entra
E-0460,UKR-10,amonestado
E-0461,SRB-10,amonestado
E-0462,SRB-21,sale
E-0462,SRB-4,entra
E-0463,OMA-11,sale
E-0463,OMA-21,entra
E-0464,OMA-10,sale
E-0464,OMA-24,entra
E-0465,SRB-22,sale
E-0465,SRB-14,entra
E-0466,SRB-5,sale
E-0466,SRB-8,entra
E-0467,OMA-4,sale
E-0467,OMA-6,entra
E-0468,SRB-13,sale
E-0468,SRB-18,entra
E-0469,OMA-24,autor
E-0470,OMA-1,amonestado
E-0471,MEX-24,autor
E-0471,MEX-11,asistencia
E-0472,MEX-22,autor
E-0473,RSA-6,sale
E-0473,RSA-18,entra
E-0474,RSA-4,sale
E-0474,RSA-15,entra
E-0475,MEX-22,sale
E-0475,MEX-25,entra
E-0476,RSA-13,sale
E-0476,RSA-17,entra
E-0477,RSA-21,autor
E-0477,RSA-17,asistencia
E-0478,RSA-25,autor
E-0478,RSA-16,asistencia
E-0479,MEX-11,sale
E-0479,MEX-14,entra
E-0480,MEX-5,amonestado
E-0481,MEX-5,sale
E-0481,MEX-8,entra
E-0482,MEX-21,sale
E-0482,MEX-20,entra
E-0483,MEX-3,amonestado
E-0484,MEX-13,autor
E-0484,MEX-6,asistencia
E-0485,CZE-2,amonestado
E-0486,KOR-16,sale
E-0486,KOR-13,entra
E-0487,KOR-20,sale
E-0487,KOR-24,entra
E-0488,CZE-6,sale
E-0488,CZE-16,entra
E-0489,KOR-3,sale
E-0489,KOR-8,entra
E-0490,CZE-14,sale
E-0490,CZE-21,entra
E-0491,CZE-24,sale
E-0491,CZE-25,entra
E-0492,KOR-14,sale
E-0492,KOR-11,entra
E-0493,KOR-22,sale
E-0493,KOR-25,entra
E-0494,CZE-22,sale
E-0494,CZE-18,entra
E-0495,KOR-10,amonestado
E-0496,KOR-2,amonestado
E-0497,KOR-11,amonestado
E-0498,CZE-10,sale
E-0498,CZE-19,entra
E-0499,CZE-18,amonestado
E-0500,SUI-22,autor
E-0500,SUI-10,asistencia
E-0501,QAT-25,autor
E-0501,QAT-10,asistencia
E-0502,QAT-3,sale
E-0502,QAT-5,entra
E-0503,QAT-10,sale
E-0503,QAT-19,entra
E-0504,SUI-4,sale
E-0504,SUI-9,entra
E-0505,SUI-11,sale
E-0505,SUI-7,entra
E-0506,QAT-6,sale
E-0506,QAT-24,entra
E-0507,SUI-21,sale
E-0507,SUI-20,entra
E-0508,QAT-14,sale
E-0508,QAT-18,entra
E-0509,QAT-25,sale
E-0509,QAT-22,entra
E-0510,SUI-6,sale
E-0510,SUI-5,entra
E-0511,QAT-18,amonestado
E-0512,SUI-25,sale
E-0512,SUI-26,entra
E-0513,SUI-22,autor
E-0513,SUI-20,asistencia
E-0514,QAT-19,amonestado
E-0515,BIH-19,amonestado
E-0516,BIH-5,amonestado
E-0517,BIH-16,amonestado
E-0518,BIH-4,amonestado
E-0519,CAN-25,sale
E-0519,CAN-8,entra
E-0520,CAN-5,sale
E-0520,CAN-24,entra
E-0521,CAN-6,sale
E-0521,CAN-3,entra
E-0522,BIH-3,sale
E-0522,BIH-15,entra
E-0523,CAN-22,sale
E-0523,CAN-15,entra
E-0524,BIH-19,sale
E-0524,BIH-14,entra
E-0525,BIH-16,sale
E-0525,BIH-18,entra
E-0526,BIH-4,sale
E-0526,BIH-11,entra
E-0527,BIH-22,autor
E-0527,BIH-11,asistencia
E-0528,BIH-13,amonestado
E-0529,BIH-13,expulsado
E-0530,SCO-11,amonestado
E-0531,BRA-10,amonestado
E-0532,SCO-7,autor
E-0532,SCO-20,asistencia
E-0533,SCO-20,sale
E-0533,SCO-13,entra
E-0534,SCO-21,sale
E-0534,SCO-16,entra
E-0535,BRA-20,autor
E-0535,BRA-7,asistencia
E-0536,BRA-20,sale
E-0536,BRA-25,entra
E-0537,BRA-4,sale
E-0537,BRA-26,entra
E-0538,SCO-10,sale
E-0538,SCO-17,entra
E-0539,BRA-7,sale
E-0539,BRA-3,entra
E-0540,BRA-21,sale
E-0540,BRA-9,entra
E-0541,BRA-5,expulsado
E-0542,MAR-3,autor
E-0543,MAR-2,amonestado
E-0544,MAR-20,autor
E-0544,MAR-6,asistencia
E-0545,MAR-6,amonestado
E-0546,MAR-3,amonestado
E-0547,HAI-22,sale
E-0547,HAI-16,entra
E-0548,MAR-2,sale
E-0548,MAR-7,entra
E-0549,MAR-15,sale
E-0549,MAR-13,entra
E-0550,MAR-7,autor
E-0550,MAR-10,asistencia
E-0551,HAI-20,sale
E-0551,HAI-3,entra
E-0552,MAR-6,sale
E-0552,MAR-16,entra
E-0553,HAI-21,sale
E-0553,HAI-9,entra
E-0554,MAR-14,autor
E-0554,MAR-16,asistencia
E-0555,MAR-14,amonestado
E-0556,AUS-22,autor
E-0556,AUS-10,asistencia
E-0557,USA-6,amonestado
E-0558,USA-7,sale
E-0558,USA-4,entra
E-0559,AUS-4,sale
E-0559,AUS-20,entra
E-0560,USA-6,sale
E-0560,USA-26,entra
E-0561,AUS-5,sale
E-0561,AUS-19,entra
E-0562,USA-19,sale
E-0562,USA-11,entra
E-0563,USA-3,sale
E-0563,USA-25,entra
E-0564,AUS-24,sale
E-0564,AUS-6,entra
E-0565,AUS-14,sale
E-0565,AUS-16,entra
E-0566,AUS-3,sale
E-0566,AUS-9,entra
E-0567,USA-21,sale
E-0567,USA-17,entra
E-0568,AUS-21,amonestado
E-0569,PAR-2,amonestado
E-0570,PAR-4,amonestado
E-0571,TUR-22,autor
E-0571,TUR-4,asistencia
E-0572,PAR-14,sale
E-0572,PAR-16,entra
E-0573,PAR-20,sale
E-0573,PAR-8,entra
E-0574,TUR-21,sale
E-0574,TUR-26,entra
E-0575,TUR-20,sale
E-0575,TUR-24,entra
E-0576,PAR-7,sale
E-0576,PAR-26,entra
E-0577,TUR-6,sale
E-0577,TUR-13,entra
E-0578,TUR-10,sale
E-0578,TUR-15,entra
E-0579,TUR-7,amonestado
E-0580,PAR-16,autor
E-0581,GER-9,amonestado
E-0582,CIV-22,autor
E-0583,CIV-8,amonestado
E-0584,GER-26,sale
E-0584,GER-22,entra
E-0585,CIV-24,sale
E-0585,CIV-25,entra
E-0586,CIV-8,sale
E-0586,CIV-5,entra
E-0587,GER-2,sale
E-0587,GER-25,entra
E-0588,GER-13,sale
E-0588,GER-11,entra
E-0589,CIV-17,sale
E-0589,CIV-21,entra
E-0590,CIV-20,sale
E-0590,CIV-14,entra
E-0591,GER-11,autor
E-0591,GER-20,asistencia
E-0592,GER-3,sale
E-0592,GER-16,entra
E-0593,CIV-13,amonestado
E-0594,GER-25,autor
E-0594,GER-22,asistencia
E-0595,CIV-6,amonestado
E-0596,GER-25,autor
E-0596,GER-22,asistencia
E-0597,CUW-25,amonestado
E-0598,CUW-15,autor
E-0598,CUW-4,asistencia
E-0599,ECU-10,amonestado
E-0600,CUW-2,sale
E-0600,CUW-17,entra
E-0601,CUW-4,sale
E-0601,CUW-9,entra
E-0602,ECU-21,sale
E-0602,ECU-25,entra
E-0603,CUW-16,sale
E-0603,CUW-18,entra
E-0604,ECU-7,sale
E-0604,ECU-9,entra
E-0605,ECU-26,sale
E-0605,ECU-5,entra
E-0606,ECU-10,sale
E-0606,ECU-15,entra
E-0607,ECU-25,autor
E-0607,ECU-5,asistencia
E-0608,NED-20,autor
E-0608,NED-10,asistencia
E-0609,SWE-1,amonestado
E-0610,NED-2,autor
E-0610,NED-5,asistencia
E-0611,SWE-17,amonestado
E-0612,SWE-7,sale
E-0612,SWE-6,entra
E-0613,NED-15,sale
E-0613,NED-7,entra
E-0614,SWE-3,sale
E-0614,SWE-16,entra
E-0615,NED-20,sale
E-0615,NED-19,entra
E-0616,SWE-15,sale
E-0616,SWE-13,entra
E-0617,SWE-17,sale
E-0617,SWE-26,entra
E-0618,NED-14,sale
E-0618,NED-26,entra
E-0619,NED-10,sale
E-0619,NED-17,entra
E-0620,SWE-22,amonestado
E-0621,NED-2,sale
E-0621,NED-6,entra
E-0622,JPN-14,amonestado
E-0623,JPN-21,autor
E-0624,TUN-11,amonestado
E-0625,TUN-21,autor
E-0625,TUN-6,asistencia
E-0626,TUN-11,sale
E-0626,TUN-5,entra
E-0627,TUN-4,sale
E-0627,TUN-24,entra
E-0628,JPN-2,sale
E-0628,JPN-9,entra
E-0629,JPN-13,sale
E-0629,JPN-15,entra
E-0630,TUN-6,sale
E-0630,TUN-2,entra
E-0631,JPN-21,amonestado
E-0632,JPN-21,sale
E-0632,JPN-26,entra
E-0633,TUN-3,sale
E-0633,TUN-17,entra
E-0634,TUN-9,sale
E-0634,TUN-13,entra
E-0635,JPN-6,sale
E-0635,JPN-7,entra
E-0636,JPN-26,autor
E-0637,JPN-3,amonestado
E-0638,JPN-9,amonestado
E-0639,BEL-10,amonestado
E-0640,EGY-13,amonestado
E-0641,EGY-15,autor
E-0641,EGY-10,asistencia
E-0642,EGY-2,amonestado
E-0643,EGY-15,autor
E-0643,EGY-10,asistencia
E-0644,EGY-15,sale
E-0644,EGY-9,entra
E-0645,BEL-11,sale
E-0645,BEL-16,entra
E-0646,EGY-4,sale
E-0646,EGY-8,entra
E-0647,BEL-21,sale
E-0647,BEL-14,entra
E-0648,EGY-22,sale
E-0648,EGY-7,entra
E-0649,BEL-4,sale
E-0649,BEL-6,entra
E-0650,BEL-20,autor
E-0651,EGY-13,sale
E-0651,EGY-16,entra
E-0652,EGY-20,sale
E-0652,EGY-19,entra
E-0653,EGY-9,amonestado
E-0654,IRN-24,autor
E-0655,IRN-16,amonestado
E-0656,NZL-22,autor
E-0657,NZL-20,autor
E-0657,NZL-7,asistencia
E-0658,IRN-2,amonestado
E-0659,NZL-2,sale
E-0659,NZL-15,entra
E-0660,IRN-24,sale
E-0660,IRN-25,entra
E-0661,NZL-5,sale
E-0661,NZL-6,entra
E-0662,NZL-13,sale
E-0662,NZL-26,entra
E-0663,NZL-20,sale
E-0663,NZL-25,entra
E-0664,IRN-22,sale
E-0664,IRN-26,entra
E-0665,NZL-21,sale
E-0665,NZL-24,entra
E-0666,IRN-13,sale
E-0666,IRN-14,entra
E-0667,IRN-11,sale
E-0667,IRN-19,entra
E-0668,IRN-14,autor
E-0668,IRN-16,asistencia
E-0669,ESP-10,autor
E-0669,ESP-4,asistencia
E-0670,KSA-7,amonestado
E-0671,KSA-3,amonestado
E-0672,ESP-10,autor
E-0672,ESP-13,asistencia
E-0673,KSA-10,sale
E-0673,KSA-16,entra
E-0674,ESP-24,autor
E-0674,ESP-13,asistencia
E-0675,KSA-7,sale
E-0675,KSA-6,entra
E-0676,ESP-20,sale
E-0676,ESP-22,entra
E-0677,KSA-11,sale
E-0677,KSA-18,entra
E-0678,KSA-21,sale
E-0678,KSA-24,entra
E-0679,ESP-24,sale
E-0679,ESP-16,entra
E-0680,ESP-7,sale
E-0680,ESP-9,entra
E-0681,ESP-22,autor
E-0681,ESP-16,asistencia
E-0682,ESP-13,sale
E-0682,ESP-18,entra
E-0683,ESP-16,amonestado
E-0684,KSA-6,amonestado
E-0685,ESP-11,amonestado
E-0686,ESP-11,autor
E-0686,ESP-16,asistencia
E-0687,URU-10,amonestado
E-0688,CPV-4,amonestado
E-0689,CPV-14,amonestado
E-0690,URU-6,amonestado
E-0691,URU-21,autor
E-0691,URU-11,asistencia
E-0692,CPV-20,amonestado
E-0693,CPV-15,autor
E-0693,CPV-21,asistencia
E-0694,URU-7,sale
E-0694,URU-8,entra
E-0695,CPV-9,sale
E-0695,CPV-6,entra
E-0696,URU-13,sale
E-0696,URU-19,entra
E-0697,CPV-15,sale
E-0697,CPV-7,entra
E-0698,CPV-13,sale
E-0698,CPV-17,entra
E-0699,URU-2,sale
E-0699,URU-9,entra
E-0700,URU-20,autor
E-0701,URU-10,autor
E-0701,URU-11,asistencia
E-0702,URU-25,autor
E-0702,URU-10,asistencia
E-0703,FRA-22,autor
E-0703,FRA-10,asistencia
E-0704,FRA-5,amonestado
E-0705,FRA-22,autor
E-0706,FRA-3,amonestado
E-0707,FRA-2,sale
E-0707,FRA-9,entra
E-0708,FRA-10,amonestado
E-0709,FRA-18,amonestado
E-0710,NOR-3,sale
E-0710,NOR-5,entra
E-0711,NOR-16,autor
E-0711,NOR-22,asistencia
E-0712,FRA-3,sale
E-0712,FRA-8,entra
E-0713,NOR-22,sale
E-0713,NOR-2,entra
E-0714,FRA-21,sale
E-0714,FRA-17,entra
E-0715,FRA-22,sale
E-0715,FRA-26,entra
E-0716,NOR-4,sale
E-0716,NOR-18,entra
E-0717,FRA-20,autor
E-0717,FRA-10,asistencia
E-0718,NOR-6,sale
E-0718,NOR-15,entra
E-0719,NOR-5,amonestado
E-0720,IRQ-21,autor
E-0721,IRQ-14,amonestado
E-0722,IRQ-22,autor
E-0723,SEN-5,amonestado
E-0724,SEN-13,sale
E-0724,SEN-14,entra
E-0725,IRQ-20,sale
E-0725,IRQ-9,entra
E-0726,IRQ-3,amonestado
E-0727,IRQ-4,sale
E-0727,IRQ-7,entra
E-0728,SEN-10,sale
E-0728,SEN-17,entra
E-0729,IRQ-14,sale
E-0729,IRQ-10,entra
E-0730,SEN-14,autor
E-0730,SEN-17,asistencia
E-0731,SEN-20,sale
E-0731,SEN-8,entra
E-0732,SEN-8,amonestado
E-0733,ALG-2,amonestado
E-0734,ALG-9,autor
E-0734,ALG-22,asistencia
E-0735,ALG-9,amonestado
E-0736,ALG-8,amonestado
E-0737,ARG-8,amonestado
E-0738,ARG-20,sale
E-0738,ARG-7,entra
E-0739,ALG-9,sale
E-0739,ALG-19,entra
E-0740,ALG-22,sale
E-0740,ALG-25,entra
E-0741,ARG-9,sale
E-0741,ARG-4,entra
E-0742,ALG-2,sale
E-0742,ALG-3,entra
E-0743,ARG-4,autor
E-0743,ARG-22,asistencia
E-0744,ALG-20,sale
E-0744,ALG-14,entra
E-0745,ARG-2,sale
E-0745,ARG-24,entra
E-0746,ALG-6,sale
E-0746,ALG-7,entra
E-0747,ARG-5,amonestado
E-0748,JOR-4,amonestado
E-0749,JOR-21,sale
E-0749,JOR-26,entra
E-0750,JOR-9,sale
E-0750,JOR-19,entra
E-0751,JOR-3,sale
E-0751,JOR-17,entra
E-0752,AUT-21,sale
E-0752,AUT-16,entra
E-0753,JOR-2,sale
E-0753,JOR-6,entra
E-0754,AUT-17,expulsado
E-0755,AUT-7,sale
E-0755,AUT-9,entra
E-0756,JOR-22,sale
E-0756,JOR-24,entra
E-0757,AUT-20,sale
E-0757,AUT-18,entra
E-0758,AUT-4,autor
E-0759,JOR-19,amonestado
E-0760,AUT-22,autor
E-0760,AUT-6,asistencia
E-0761,POR-11,autor
E-0762,POR-10,sale
E-0762,POR-19,entra
E-0763,UZB-3,sale
E-0763,UZB-14,entra
E-0764,UZB-2,amonestado
E-0765,UZB-24,autor
E-0765,UZB-13,asistencia
E-0766,POR-21,autor
E-0767,POR-20,sale
E-0767,POR-24,entra
E-0768,UZB-17,sale
E-0768,UZB-18,entra
E-0769,POR-2,sale
E-0769,POR-8,entra
E-0770,POR-11,amonestado
E-0771,UZB-6,sale
E-0771,UZB-9,entra
E-0772,POR-13,sale
E-0772,POR-7,entra
E-0773,UZB-4,sale
E-0773,UZB-19,entra
E-0774,POR-6,sale
E-0774,POR-16,entra
E-0775,UZB-13,sale
E-0775,UZB-15,entra
E-0776,COL-21,autor
E-0776,COL-20,asistencia
E-0777,COD-14,amonestado
E-0778,COL-21,autor
E-0778,COL-14,asistencia
E-0779,COL-6,sale
E-0779,COL-9,entra
E-0780,COD-18,sale
E-0780,COD-19,entra
E-0781,COD-14,sale
E-0781,COD-17,entra
E-0782,COL-21,sale
E-0782,COL-25,entra
E-0783,COL-15,sale
E-0783,COL-11,entra
E-0784,COL-22,sale
E-0784,COL-18,entra
E-0785,COD-3,sale
E-0785,COD-5,entra
E-0786,COL-14,sale
E-0786,COL-4,entra
E-0787,COL-2,amonestado
E-0788,COD-4,sale
E-0788,COD-16,entra
E-0789,COD-22,sale
E-0789,COD-26,entra
E-0790,COD-16,amonestado
E-0791,PAN-15,amonestado
E-0792,ENG-15,autor
E-0792,ENG-2,asistencia
E-0793,PAN-20,amonestado
E-0794,PAN-21,sale
E-0794,PAN-11,entra
E-0795,PAN-15,sale
E-0795,PAN-18,entra
E-0796,ENG-22,sale
E-0796,ENG-8,entra
E-0797,PAN-10,sale
E-0797,PAN-19,entra
E-0798,ENG-10,autor
E-0798,ENG-21,asistencia
E-0799,PAN-22,sale
E-0799,PAN-26,entra
E-0800,ENG-11,sale
E-0800,ENG-13,entra
E-0801,ENG-15,sale
E-0801,ENG-14,entra
E-0802,PAN-5,sale
E-0802,PAN-24,entra
E-0803,ENG-3,sale
E-0803,ENG-7,entra
E-0804,ENG-4,amonestado
E-0805,ENG-10,sale
E-0805,ENG-19,entra
E-0806,GHA-19,amonestado
E-0807,CRO-21,amonestado
E-0808,CRO-18,amonestado
E-0809,GHA-20,autor
E-0810,CRO-21,sale
E-0810,CRO-24,entra
E-0811,CRO-22,autor
E-0812,CRO-11,sale
E-0812,CRO-10,entra
E-0813,GHA-4,sale
E-0813,GHA-8,entra
E-0814,GHA-20,sale
E-0814,GHA-7,entra
E-0815,GHA-5,sale
E-0815,GHA-14,entra
E-0816,CRO-22,sale
E-0816,CRO-6,entra
E-0817,GHA-9,sale
E-0817,GHA-17,entra
E-0818,CRO-4,autor
E-0819,GHA-2,sale
E-0819,GHA-6,entra
E-0820,CRO-24,amonestado
E-0821,CRO-6,amonestado
E-0822,NGA-21,autor
E-0823,NGA-24,sale
E-0823,NGA-25,entra
E-0824,ITA-13,amonestado
E-0825,ITA-6,autor
E-0825,ITA-15,asistencia
E-0826,ITA-15,sale
E-0826,ITA-17,entra
E-0827,NGA-15,sale
E-0827,NGA-19,entra
E-0828,ITA-20,sale
E-0828,ITA-9,entra
E-0829,ITA-22,autor
E-0829,ITA-5,asistencia
E-0830,NGA-3,sale
E-0830,NGA-2,entra
E-0831,ITA-22,autor
E-0831,ITA-13,asistencia
E-0832,NGA-6,sale
E-0832,NGA-7,entra
E-0833,ITA-22,sale
E-0833,ITA-21,entra
E-0834,ITA-26,autor
E-0834,ITA-21,asistencia
E-0835,NGA-13,amonestado
E-0836,CHI-20,sale
E-0836,CHI-19,entra
E-0837,CHI-22,sale
E-0837,CHI-17,entra
E-0838,CHN-5,amonestado
E-0839,CHN-10,sale
E-0839,CHN-18,entra
E-0840,CHN-22,autor
E-0840,CHN-2,asistencia
E-0841,CHI-5,sale
E-0841,CHI-6,entra
E-0842,CHI-9,sale
E-0842,CHI-7,entra
E-0843,CHN-2,amonestado
E-0844,CHN-22,sale
E-0844,CHN-24,entra
E-0845,CHN-5,sale
E-0845,CHN-3,entra
E-0846,CHN-15,sale
E-0846,CHN-11,entra
E-0847,PER-13,amonestado
E-0848,PER-7,amonestado
E-0849,DEN-25,autor
E-0850,DEN-5,amonestado
E-0851,DEN-14,sale
E-0851,DEN-18,entra
E-0852,PER-21,sale
E-0852,PER-24,entra
E-0853,DEN-6,sale
E-0853,DEN-4,entra
E-0854,PER-4,amonestado
E-0855,PER-13,sale
E-0855,PER-16,entra
E-0856,PER-7,sale
E-0856,PER-17,entra
E-0857,DEN-11,sale
E-0857,DEN-10,entra
E-0858,DEN-13,sale
E-0858,DEN-17,entra
E-0859,PER-10,amonestado
E-0860,PER-25,autor
E-0860,PER-11,asistencia
E-0861,WAL-25,amonestado
E-0862,CMR-26,autor
E-0863,WAL-7,amonestado
E-0864,WAL-17,autor
E-0864,WAL-13,asistencia
E-0865,CMR-3,amonestado
E-0866,WAL-20,autor
E-0866,WAL-17,asistencia
E-0867,CMR-21,sale
E-0867,CMR-4,entra
E-0868,WAL-20,sale
E-0868,WAL-14,entra
E-0869,CMR-19,sale
E-0869,CMR-17,entra
E-0870,WAL-7,sale
E-0870,WAL-22,entra
E-0871,CMR-5,sale
E-0871,CMR-15,entra
E-0872,WAL-4,sale
E-0872,WAL-8,entra
E-0873,CMR-15,amonestado
E-0874,WAL-2,amonestado
E-0875,CRC-5,amonestado
E-0876,CRC-16,autor
E-0877,POL-13,autor
E-0877,POL-14,asistencia
E-0878,POL-24,autor
E-0878,POL-13,asistencia
E-0879,POL-20,sale
E-0879,POL-21,entra
E-0880,CRC-4,sale
E-0880,CRC-7,entra
E-0881,CRC-17,amonestado
E-0882,CRC-2,sale
E-0882,CRC-13,entra
E-0883,POL-7,sale
E-0883,POL-5,entra
E-0884,CRC-3,sale
E-0884,CRC-18,entra
E-0885,POL-14,sale
E-0885,POL-15,entra
E-0886,CRC-24,sale
E-0886,CRC-26,entra
E-0887,CRC-10,sale
E-0887,CRC-14,entra
E-0888,POL-24,sale
E-0888,POL-10,entra
E-0889,CRC-7,amonestado
E-0890,POL-11,sale
E-0890,POL-16,entra
E-0891,VEN-15,autor
E-0892,MLI-6,amonestado
E-0893,MLI-22,autor
E-0893,MLI-21,asistencia
E-0894,MLI-20,sale
E-0894,MLI-25,entra
E-0895,VEN-15,sale
E-0895,VEN-16,entra
E-0896,MLI-22,sale
E-0896,MLI-16,entra
E-0897,VEN-4,sale
E-0897,VEN-10,entra
E-0898,MLI-5,sale
E-0898,MLI-4,entra
E-0899,MLI-11,sale
E-0899,MLI-19,entra
E-0900,MLI-19,amonestado
E-0901,VEN-6,sale
E-0901,VEN-5,entra
E-0902,VEN-21,autor
E-0902,VEN-16,asistencia
E-0903,MLI-14,sale
E-0903,MLI-17,entra
E-0904,VEN-7,sale
E-0904,VEN-8,entra
E-0905,OMA-3,amonestado
E-0906,UKR-3,amonestado
E-0907,OMA-2,autor
E-0908,UKR-3,sale
E-0908,UKR-2,entra
E-0909,UKR-20,sale
E-0909,UKR-6,entra
E-0910,OMA-3,sale
E-0910,OMA-7,entra
E-0911,UKR-7,sale
E-0911,UKR-9,entra
E-0912,OMA-22,sale
E-0912,OMA-18,entra
E-0913,OMA-2,sale
E-0913,OMA-17,entra
E-0914,UKR-6,amonestado
E-0915,UKR-9,amonestado
E-0916,SRB-3,amonestado
E-0917,NCL-3,amonestado
E-0918,NCL-22,autor
E-0918,NCL-5,asistencia
E-0919,SRB-2,sale
E-0919,SRB-5,entra
E-0920,SRB-20,sale
E-0920,SRB-19,entra
E-0921,NCL-18,amonestado
E-0922,NCL-10,sale
E-0922,NCL-4,entra
E-0923,SRB-7,sale
E-0923,SRB-4,entra
E-0924,SRB-10,amonestado
E-0925,SRB-21,autor
E-0925,SRB-3,asistencia
E-0926,NCL-18,sale
E-0926,NCL-17,entra
E-0927,NCL-3,sale
E-0927,NCL-9,entra
E-0928,SRB-14,autor
E-0928,SRB-10,asistencia
E-0929,SRB-14,amonestado
E-0930,MEX-16,autor
E-0930,MEX-8,asistencia
E-0931,MEX-16,autor
E-0932,MEX-23,amonestado
E-0933,KOR-10,autor
E-0933,KOR-25,asistencia
E-0934,MEX-16,sale
E-0934,MEX-15,entra
E-0935,MEX-2,sale
E-0935,MEX-14,entra
E-0936,KOR-5,sale
E-0936,KOR-15,entra
E-0937,KOR-10,autor
E-0937,KOR-25,asistencia
E-0938,MEX-13,sale
E-0938,MEX-11,entra
E-0939,MEX-14,autor
E-0940,KOR-22,sale
E-0940,KOR-19,entra
E-0941,MEX-21,sale
E-0941,MEX-26,entra
E-0942,KOR-6,sale
E-0942,KOR-8,entra
E-0943,KOR-9,sale
E-0943,KOR-26,entra
E-0944,MEX-10,amonestado
E-0945,KOR-10,sale
E-0945,KOR-16,entra
E-0946,KOR-16,amonestado
E-0947,KOR-15,amonestado
E-0948,KOR-14,amonestado
E-0949,KOR-19,autor
E-0949,KOR-14,asistencia
E-0950,RSA-4,amonestado
E-0951,RSA-22,autor
E-0951,RSA-19,asistencia
E-0952,RSA-3,amonestado
E-0953,RSA-15,autor
E-0954,RSA-4,sale
E-0954,RSA-5,entra
E-0955,RSA-10,sale
E-0955,RSA-14,entra
E-0956,CZE-24,autor
E-0956,CZE-22,asistencia
E-0957,CZE-15,sale
E-0957,CZE-11,entra
E-0958,RSA-25,sale
E-0958,RSA-13,entra
E-0959,CZE-4,sale
E-0959,CZE-2,entra
E-0960,RSA-2,amonestado
E-0961,CZE-5,amonestado
E-0962,CZE-24,sale
E-0962,CZE-25,entra
E-0963,CZE-7,sale
E-0963,CZE-19,entra
E-0964,CZE-22,sale
E-0964,CZE-21,entra
E-0965,CZE-25,autor
E-0966,SUI-21,autor
E-0966,SUI-15,asistencia
E-0967,SUI-10,amonestado
E-0968,CAN-3,amonestado
E-0969,SUI-20,sale
E-0969,SUI-26,entra
E-0970,SUI-11,sale
E-0970,SUI-8,entra
E-0971,CAN-11,autor
E-0971,CAN-4,asistencia
E-0972,SUI-5,sale
E-0972,SUI-18,entra
E-0973,CAN-8,sale
E-0973,CAN-5,entra
E-0974,CAN-19,sale
E-0974,CAN-18,entra
E-0975,CAN-11,sale
E-0975,CAN-22,entra
E-0976,CAN-3,sale
E-0976,CAN-9,entra
E-0977,CAN-2,sale
E-0977,CAN-6,entra
E-0978,SUI-6,amonestado
E-0979,QAT-13,amonestado
E-0980,QAT-22,autor
E-0980,QAT-10,asistencia
E-0981,QAT-2,autor
E-0981,QAT-3,asistencia
E-0982,QAT-10,amonestado
E-0983,QAT-21,amonestado
E-0984,BIH-21,autor
E-0984,BIH-15,asistencia
E-0985,QAT-4,amonestado
E-0986,QAT-22,autor
E-0987,BIH-26,autor
E-0987,BIH-16,asistencia
E-0988,QAT-25,sale
E-0988,QAT-26,entra
E-0989,BIH-5,sale
E-0989,BIH-8,entra
E-0990,BIH-21,sale
E-0990,BIH-25,entra
E-0991,QAT-3,sale
E-0991,QAT-9,entra
E-0992,QAT-2,amonestado
E-0993,QAT-13,sale
E-0993,QAT-18,entra
E-0994,BIH-15,sale
E-0994,BIH-9,entra
E-0995,QAT-21,sale
E-0995,QAT-19,entra
E-0996,BIH-10,sale
E-0996,BIH-19,entra
E-0997,QAT-10,autor
E-0997,QAT-11,asistencia
E-0998,BIH-20,sale
E-0998,BIH-22,entra
E-0999,MAR-5,amonestado
E-1000,MAR-21,autor
E-1000,MAR-5,asistencia
E-1001,MAR-2,amonestado
E-1002,MAR-10,amonestado
E-1003,BRA-25,autor
E-1004,MAR-7,sale
E-1004,MAR-24,entra
E-1005,MAR-14,sale
E-1005,MAR-16,entra
E-1006,BRA-17,sale
E-1006,BRA-6,entra
E-1007,BRA-20,sale
E-1007,BRA-19,entra
E-1008,MAR-5,sale
E-1008,MAR-8,entra
E-1009,BRA-3,sale
E-1009,BRA-16,entra
E-1010,BRA-26,sale
E-1010,BRA-22,entra
E-1011,BRA-4,amonestado
E-1012,BRA-22,autor
E-1012,BRA-13,asistencia
E-1013,HAI-24,autor
E-1014,HAI-13,amonestado
E-1015,SCO-3,amonestado
E-1016,SCO-16,amonestado
E-1017,SCO-22,sale
E-1017,SCO-25,entra
E-1018,SCO-2,amonestado
E-1019,SCO-25,autor
E-1019,SCO-14,asistencia
E-1020,SCO-3,sale
E-1020,SCO-24,entra
E-1021,SCO-5,sale
E-1021,SCO-7,entra
E-1022,HAI-2,sale
E-1022,HAI-5,entra
E-1023,SCO-24,amonestado
E-1024,HAI-8,sale
E-1024,HAI-9,entra
E-1025,SCO-4,sale
E-1025,SCO-8,entra
E-1026,SCO-2,sale
E-1026,SCO-26,entra
E-1027,HAI-13,sale
E-1027,HAI-18,entra
E-1028,TUR-8,amonestado
E-1029,USA-21,autor
E-1029,USA-5,asistencia
E-1030,TUR-18,amonestado
E-1031,USA-3,amonestado
E-1032,TUR-7,sale
E-1032,TUR-3,entra
E-1033,USA-25,sale
E-1033,USA-26,entra
E-1034,USA-3,sale
E-1034,USA-8,entra
E-1035,TUR-18,autor
E-1035,TUR-16,asistencia
E-1036,USA-13,sale
E-1036,USA-17,entra
E-1037,TUR-20,sale
E-1037,TUR-21,entra
E-1038,USA-11,sale
E-1038,USA-10,entra
E-1039,TUR-10,sale
E-1039,TUR-15,entra
E-1040,USA-26,autor
E-1040,USA-10,asistencia
E-1041,TUR-2,amonestado
E-1042,PAR-26,amonestado
E-1043,AUS-20,autor
E-1043,AUS-10,asistencia
E-1044,PAR-6,amonestado
E-1045,AUS-21,autor
E-1046,PAR-15,autor
E-1046,PAR-14,asistencia
E-1047,PAR-14,amonestado
E-1048,PAR-6,sale
E-1048,PAR-7,entra
E-1049,PAR-26,sale
E-1049,PAR-25,entra
E-1050,PAR-22,sale
E-1050,PAR-20,entra
E-1051,AUS-10,sale
E-1051,AUS-14,entra
E-1052,AUS-20,sale
E-1052,AUS-25,entra
E-1053,AUS-4,sale
E-1053,AUS-7,entra
E-1054,PAR-15,autor
E-1054,PAR-25,asistencia
E-1055,AUS-11,amonestado
E-1056,PAR-21,autor
E-1057,AUS-7,amonestado
E-1058,GER-24,autor
E-1058,GER-15,asistencia
E-1059,ECU-21,autor
E-1059,ECU-22,asistencia
E-1060,ECU-6,amonestado
E-1061,GER-3,amonestado
E-1062,ECU-6,sale
E-1062,ECU-15,entra
E-1063,GER-24,sale
E-1063,GER-21,entra
E-1064,ECU-5,sale
E-1064,ECU-2,entra
E-1065,GER-22,sale
E-1065,GER-25,entra
E-1066,ECU-22,sale
E-1066,ECU-14,entra
E-1067,GER-20,sale
E-1067,GER-8,entra
E-1068,ECU-4,sale
E-1068,ECU-7,entra
E-1069,GER-15,amonestado
E-1070,CUW-20,amonestado
E-1071,CIV-3,amonestado
E-1072,CIV-2,autor
E-1072,CIV-16,asistencia
E-1073,CUW-11,amonestado
E-1074,CIV-21,autor
E-1074,CIV-16,asistencia
E-1075,CIV-11,sale
E-1075,CIV-18,entra
E-1076,CUW-11,sale
E-1076,CUW-14,entra
E-1077,CIV-5,sale
E-1077,CIV-8,entra
E-1078,CUW-21,sale
E-1078,CUW-19,entra
E-1079,CUW-6,sale
E-1079,CUW-4,entra
E-1080,CIV-4,sale
E-1080,CIV-24,entra
E-1081,CUW-18,sale
E-1081,CUW-17,entra
E-1082,CIV-3,sale
E-1082,CIV-6,entra
E-1083,CIV-21,autor
E-1083,CIV-16,asistencia
E-1084,CIV-2,sale
E-1084,CIV-7,entra
E-1085,CUW-2,amonestado
E-1086,JPN-9,amonestado
E-1087,NED-24,sale
E-1087,NED-26,entra
E-1088,NED-10,sale
E-1088,NED-19,entra
E-1089,NED-7,sale
E-1089,NED-9,entra
E-1090,JPN-24,sale
E-1090,JPN-25,entra
E-1091,JPN-2,sale
E-1091,JPN-17,entra
E-1092,JPN-4,amonestado
E-1093,JPN-10,expulsado
E-1094,JPN-4,sale
E-1094,JPN-5,entra
E-1095,JPN-13,sale
E-1095,JPN-8,entra
E-1096,NED-11,autor
E-1096,NED-20,asistencia
E-1097,NED-3,amonestado
E-1098,TUN-18,amonestado
E-1099,SWE-15,amonestado
E-1100,SWE-20,autor
E-1101,TUN-4,sale
E-1101,TUN-8,entra
E-1102,SWE-5,sale
E-1102,SWE-8,entra
E-1103,TUN-20,sale
E-1103,TUN-15,entra
E-1104,SWE-10,sale
E-1104,SWE-17,entra
E-1105,TUN-5,amonestado
E-1106,TUN-3,sale
E-1106,TUN-6,entra
E-1107,SWE-3,sale
E-1107,SWE-7,entra
E-1108,TUN-10,autor
E-1108,TUN-15,asistencia
E-1109,TUN-11,amonestado
E-1110,BEL-20,autor
E-1110,BEL-25,asistencia
E-1111,BEL-25,sale
E-1111,BEL-21,entra
E-1112,IRN-21,sale
E-1112,IRN-26,entra
E-1113,IRN-20,amonestado
E-1114,BEL-13,sale
E-1114,BEL-11,entra
E-1115,IRN-3,sale
E-1115,IRN-9,entra
E-1116,BEL-24,sale
E-1116,BEL-16,entra
E-1117,IRN-4,sale
E-1117,IRN-8,entra
E-1118,BEL-8,sale
E-1118,BEL-22,entra
E-1119,IRN-19,sale
E-1119,IRN-16,entra
E-1120,BEL-18,autor
E-1120,BEL-2,asistencia
E-1121,BEL-2,sale
E-1121,BEL-6,entra
E-1122,IRN-16,amonestado
E-1123,BEL-18,autor
E-1124,EGY-21,autor
E-1124,EGY-18,asistencia
E-1125,EGY-6,amonestado
E-1126,EGY-2,autor
E-1127,NZL-25,autor
E-1128,EGY-2,sale
E-1128,EGY-5,entra
E-1129,EGY-17,sale
E-1129,EGY-14,entra
E-1130,NZL-13,sale
E-1130,NZL-14,entra
E-1131,EGY-24,sale
E-1131,EGY-7,entra
E-1132,EGY-9,sale
E-1132,EGY-19,entra
E-1133,NZL-2,sale
E-1133,NZL-9,entra
E-1134,EGY-21,sale
E-1134,EGY-26,entra
E-1135,NZL-21,sale
E-1135,NZL-24,entra
E-1136,NZL-4,sale
E-1136,NZL-7,entra
E-1137,NZL-25,amonestado
E-1138,EGY-26,autor
E-1139,ESP-11,autor
E-1140,URU-15,amonestado
E-1141,ESP-26,amonestado
E-1142,URU-2,sale
E-1142,URU-8,entra
E-1143,URU-6,sale
E-1143,URU-9,entra
E-1144,URU-15,sale
E-1144,URU-19,entra
E-1145,ESP-26,sale
E-1145,ESP-24,entra
E-1146,ESP-4,sale
E-1146,ESP-6,entra
E-1147,ESP-20,sale
E-1147,ESP-18,entra
E-1148,URU-11,amonestado
E-1149,ESP-22,sale
E-1149,ESP-25,entra
E-1150,ESP-10,amonestado
E-1151,CPV-18,autor
E-1152,CPV-5,amonestado
E-1153,KSA-20,autor
E-1154,CPV-6,amonestado
E-1155,CPV-11,amonestado
E-1156,CPV-18,sale
E-1156,CPV-17,entra
E-1157,KSA-6,sale
E-1157,KSA-7,entra
E-1158,CPV-11,sale
E-1158,CPV-15,entra
E-1159,KSA-11,sale
E-1159,KSA-15,entra
E-1160,CPV-4,sale
E-1160,CPV-8,entra
E-1161,KSA-4,sale
E-1161,KSA-8,entra
E-1162,CPV-6,sale
E-1162,CPV-16,entra
E-1163,KSA-15,amonestado
E-1164,KSA-19,sale
E-1164,KSA-14,entra
E-1165,CPV-24,autor
E-1165,CPV-16,asistencia
E-1166,KSA-10,sale
E-1166,KSA-16,entra
E-1167,CPV-24,autor
E-1168,SEN-10,amonestado
E-1169,FRA-20,autor
E-1169,FRA-5,asistencia
E-1170,SEN-2,amonestado
E-1171,FRA-20,autor
E-1171,FRA-25,asistencia
E-1172,SEN-3,sale
E-1172,SEN-8,entra
E-1173,FRA-3,sale
E-1173,FRA-9,entra
E-1174,SEN-13,sale
E-1174,SEN-26,entra
E-1175,SEN-4,amonestado
E-1176,FRA-5,sale
E-1176,FRA-8,entra
E-1177,SEN-2,sale
E-1177,SEN-9,entra
E-1178,FRA-25,sale
E-1178,FRA-22,entra
E-1179,FRA-10,sale
E-1179,FRA-17,entra
E-1180,SEN-10,sale
E-1180,SEN-5,entra
E-1181,SEN-20,sale
E-1181,SEN-16,entra
E-1182,FRA-20,autor
E-1182,FRA-2,asistencia
E-1183,IRQ-19,autor
E-1183,IRQ-9,asistencia
E-1184,IRQ-2,amonestado
E-1185,NOR-20,autor
E-1185,NOR-13,asistencia
E-1186,IRQ-8,amonestado
E-1187,NOR-22,autor
E-1187,NOR-21,asistencia
E-1188,IRQ-24,amonestado
E-1189,NOR-22,sale
E-1189,NOR-16,entra
E-1190,NOR-9,autor
E-1190,NOR-3,asistencia
E-1191,NOR-6,sale
E-1191,NOR-7,entra
E-1192,IRQ-19,sale
E-1192,IRQ-17,entra
E-1193,IRQ-8,sale
E-1193,IRQ-25,entra
E-1194,NOR-13,sale
E-1194,NOR-10,entra
E-1195,IRQ-24,sale
E-1195,IRQ-15,entra
E-1196,NOR-9,sale
E-1196,NOR-17,entra
E-1197,NOR-11,sale
E-1197,NOR-8,entra
E-1198,IRQ-21,sale
E-1198,IRQ-26,entra
E-1199,IRQ-13,sale
E-1199,IRQ-20,entra
E-1200,IRQ-17,amonestado
E-1201,NOR-10,amonestado
E-1202,ARG-10,amonestado
E-1203,AUT-22,autor
E-1203,AUT-3,asistencia
E-1204,ARG-7,autor
E-1204,ARG-13,asistencia
E-1205,ARG-20,autor
E-1205,ARG-2,asistencia
E-1206,AUT-3,sale
E-1206,AUT-6,entra
E-1207,ARG-7,sale
E-1207,ARG-6,entra
E-1208,AUT-10,sale
E-1208,AUT-19,entra
E-1209,AUT-22,sale
E-1209,AUT-9,entra
E-1210,AUT-8,sale
E-1210,AUT-18,entra
E-1211,ARG-8,sale
E-1211,ARG-5,entra
E-1212,ARG-25,sale
E-1212,ARG-19,entra
E-1213,ARG-21,sale
E-1213,ARG-14,entra
E-1214,ARG-13,sale
E-1214,ARG-18,entra
E-1215,AUT-24,autor
E-1216,ARG-5,amonestado
E-1217,JOR-21,autor
E-1217,JOR-11,asistencia
E-1218,JOR-21,autor
E-1218,JOR-22,asistencia
E-1219,ALG-25,autor
E-1220,JOR-21,sale
E-1220,JOR-25,entra
E-1221,ALG-8,amonestado
E-1222,ALG-11,amonestado
E-1223,JOR-18,sale
E-1223,JOR-17,entra
E-1224,JOR-2,sale
E-1224,JOR-8,entra
E-1225,ALG-11,sale
E-1225,ALG-3,entra
E-1226,ALG-8,sale
E-1226,ALG-4,entra
E-1227,ALG-21,sale
E-1227,ALG-16,entra
E-1228,ALG-22,sale
E-1228,ALG-26,entra
E-1229,ALG-10,autor
E-1229,ALG-25,asistencia
E-1230,ALG-5,expulsado
E-1231,JOR-8,amonestado
E-1232,POR-4,amonestado
E-1233,COL-2,amonestado
E-1234,POR-25,sale
E-1234,POR-26,entra
E-1235,POR-2,amonestado
E-1236,COL-5,sale
E-1236,COL-9,entra
E-1237,POR-20,sale
E-1237,POR-17,entra
E-1238,COL-6,sale
E-1238,COL-18,entra
E-1239,COL-11,sale
E-1239,COL-14,entra
E-1240,POR-22,sale
E-1240,POR-13,entra
E-1241,POR-10,sale
E-1241,POR-15,entra
E-1242,POR-15,amonestado
E-1243,POR-7,sale
E-1243,POR-8,entra
E-1244,COD-22,autor
E-1245,COD-8,amonestado
E-1246,COD-4,amonestado
E-1247,COD-21,autor
E-1247,COD-15,asistencia
E-1248,UZB-20,autor
E-1249,UZB-10,sale
E-1249,UZB-26,entra
E-1250,UZB-3,sale
E-1250,UZB-5,entra
E-1251,UZB-11,sale
E-1251,UZB-15,entra
E-1252,COD-4,sale
E-1252,COD-5,entra
E-1253,COD-7,sale
E-1253,COD-17,entra
E-1254,UZB-20,sale
E-1254,UZB-17,entra
E-1255,UZB-2,sale
E-1255,UZB-16,entra
E-1256,COD-25,sale
E-1256,COD-26,entra
E-1257,ENG-8,amonestado
E-1258,ENG-1,amonestado
E-1259,ENG-24,sale
E-1259,ENG-21,entra
E-1260,ENG-3,sale
E-1260,ENG-7,entra
E-1261,ENG-25,sale
E-1261,ENG-22,entra
E-1262,CRO-20,sale
E-1262,CRO-26,entra
E-1263,CRO-10,sale
E-1263,CRO-19,entra
E-1264,CRO-4,sale
E-1264,CRO-8,entra
E-1265,ENG-21,amonestado
E-1266,CRO-6,amonestado
E-1267,PAN-6,amonestado
E-1268,PAN-10,amonestado
E-1269,GHA-6,sale
E-1269,GHA-7,entra
E-1270,PAN-2,sale
E-1270,PAN-11,entra
E-1271,PAN-20,sale
E-1271,PAN-24,entra
E-1272,GHA-21,sale
E-1272,GHA-16,entra
E-1273,GHA-2,sale
E-1273,GHA-8,entra
E-1274,PAN-15,sale
E-1274,PAN-14,entra
E-1275,PAN-21,sale
E-1275,PAN-26,entra
E-1276,GHA-10,sale
E-1276,GHA-14,entra
E-1277,PAN-4,amonestado
E-1278,ITA-20,autor
E-1278,ITA-17,asistencia
E-1279,ITA-21,autor
E-1279,ITA-2,asistencia
E-1280,CHI-11,amonestado
E-1281,ITA-22,autor
E-1281,ITA-21,asistencia
E-1282,ITA-5,autor
E-1282,ITA-10,asistencia
E-1283,CHI-13,amonestado
E-1284,ITA-4,sale
E-1284,ITA-9,entra
E-1285,CHI-2,sale
E-1285,CHI-17,entra
E-1286,CHI-11,sale
E-1286,CHI-19,entra
E-1287,CHI-10,amonestado
E-1288,CHI-20,sale
E-1288,CHI-7,entra
E-1289,ITA-17,sale
E-1289,ITA-19,entra
E-1290,CHI-5,sale
E-1290,CHI-3,entra
E-1291,CHI-21,sale
E-1291,CHI-25,entra
E-1292,ITA-10,sale
E-1292,ITA-16,entra
E-1293,ITA-22,sale
E-1293,ITA-18,entra
E-1294,ITA-13,sale
E-1294,ITA-15,entra
E-1295,CHN-15,amonestado
E-1296,CHN-11,autor
E-1297,CHN-10,autor
E-1297,CHN-22,asistencia
E-1298,NGA-6,sale
E-1298,NGA-18,entra
E-1299,NGA-16,amonestado
E-1300,CHN-22,sale
E-1300,CHN-19,entra
E-1301,NGA-14,sale
E-1301,NGA-11,entra
E-1302,NGA-20,sale
E-1302,NGA-17,entra
E-1303,CHN-11,sale
E-1303,CHN-25,entra
E-1304,NGA-16,sale
E-1304,NGA-7,entra
E-1305,CHN-8,sale
E-1305,CHN-7,entra
E-1306,NGA-17,amonestado
E-1307,CHN-20,autor
E-1307,CHN-25,asistencia
E-1308,CHN-2,sale
E-1308,CHN-5,entra
E-1309,NGA-18,amonestado
E-1310,CHN-9,amonestado
E-1311,CHN-9,sale
E-1311,CHN-14,entra
E-1312,WAL-2,amonestado
E-1313,DEN-2,autor
E-1314,WAL-20,autor
E-1315,DEN-20,autor
E-1316,DEN-6,amonestado
E-1317,WAL-15,sale
E-1317,WAL-19,entra
E-1318,WAL-3,amonestado
E-1319,WAL-26,sale
E-1319,WAL-22,entra
E-1320,DEN-2,sale
E-1320,DEN-15,entra
E-1321,WAL-3,sale
E-1321,WAL-6,entra
E-1322,DEN-10,amonestado
E-1323,DEN-6,sale
E-1323,DEN-7,entra
E-1324,DEN-20,sale
E-1324,DEN-25,entra
E-1325,WAL-11,amonestado
E-1326,CMR-7,amonestado
E-1327,CMR-3,amonestado
E-1328,PER-20,sale
E-1328,PER-10,entra
E-1329,CMR-10,sale
E-1329,CMR-8,entra
E-1330,CMR-13,sale
E-1330,CMR-15,entra
E-1331,PER-24,sale
E-1331,PER-26,entra
E-1332,CMR-4,sale
E-1332,CMR-6,entra
E-1333,PER-4,sale
E-1333,PER-6,entra
E-1334,CMR-2,sale
E-1334,CMR-26,entra
E-1335,PER-16,sale
E-1335,PER-19,entra
E-1336,PER-5,sale
E-1336,PER-7,entra
E-1337,CMR-14,sale
E-1337,CMR-9,entra
E-1338,PER-17,autor
E-1339,PER-22,autor
E-1339,PER-7,asistencia
E-1340,CMR-22,autor
E-1341,POL-2,amonestado
E-1342,POL-20,sale
E-1342,POL-21,entra
E-1343,VEN-7,sale
E-1343,VEN-9,entra
E-1344,VEN-2,autor
E-1344,VEN-9,asistencia
E-1345,VEN-5,amonestado
E-1346,POL-5,sale
E-1346,POL-7,entra
E-1347,POL-10,sale
E-1347,POL-15,entra
E-1348,VEN-11,sale
E-1348,VEN-15,entra
E-1349,POL-25,sale
E-1349,POL-16,entra
E-1350,VEN-10,sale
E-1350,VEN-13,entra
E-1351,POL-21,autor
E-1351,POL-17,asistencia
E-1352,VEN-22,sale
E-1352,VEN-24,entra
E-1353,VEN-9,amonestado
E-1354,POL-16,autor
E-1355,POL-21,autor
E-1355,POL-6,asistencia
E-1356,VEN-8,expulsado
E-1357,CRC-22,autor
E-1357,CRC-14,asistencia
E-1358,MLI-2,sale
E-1358,MLI-6,entra
E-1359,MLI-10,sale
E-1359,MLI-18,entra
E-1360,CRC-14,amonestado
E-1361,MLI-17,sale
E-1361,MLI-14,entra
E-1362,CRC-7,amonestado
E-1363,CRC-20,sale
E-1363,CRC-24,entra
E-1364,MLI-3,sale
E-1364,MLI-16,entra
E-1365,CRC-4,sale
E-1365,CRC-9,entra
E-1366,CRC-10,sale
E-1366,CRC-17,entra
E-1367,MLI-9,amonestado
E-1368,MLI-14,expulsado
E-1369,CRC-14,sale
E-1369,CRC-15,entra
E-1370,CRC-11,sale
E-1370,CRC-18,entra
E-1371,CRC-24,autor
E-1371,CRC-9,asistencia
E-1372,CRC-5,amonestado
E-1373,SRB-3,amonestado
E-1374,SRB-21,autor
E-1374,SRB-9,asistencia
E-1375,UKR-2,sale
E-1375,UKR-7,entra
E-1376,UKR-9,sale
E-1376,UKR-15,entra
E-1377,SRB-4,sale
E-1377,SRB-2,entra
E-1378,UKR-4,sale
E-1378,UKR-6,entra
E-1379,SRB-22,sale
E-1379,SRB-26,entra
E-1380,UKR-8,sale
E-1380,UKR-3,entra
E-1381,SRB-13,sale
E-1381,SRB-17,entra
E-1382,SRB-3,sale
E-1382,SRB-6,entra
E-1383,UKR-11,expulsado
E-1384,SRB-10,autor
E-1384,SRB-6,asistencia
E-1385,SRB-26,amonestado
E-1386,NCL-11,amonestado
E-1387,OMA-20,amonestado
E-1388,OMA-16,amonestado
E-1389,NCL-3,amonestado
E-1390,NCL-21,sale
E-1390,NCL-6,entra
E-1391,NCL-22,sale
E-1391,NCL-9,entra
E-1392,OMA-20,sale
E-1392,OMA-21,entra
E-1393,OMA-22,sale
E-1393,OMA-26,entra
E-1394,OMA-13,sale
E-1394,OMA-14,entra
E-1395,NCL-8,sale
E-1395,NCL-7,entra
E-1396,OMA-11,sale
E-1396,OMA-17,entra
E-1397,NCL-20,sale
E-1397,NCL-24,entra
E-1398,NCL-18,sale
E-1398,NCL-19,entra
E-1399,OMA-24,sale
E-1399,OMA-18,entra
E-1400,OMA-3,amonestado
E-1401,KOR-7,amonestado
E-1402,BIH-17,amonestado
E-1403,BIH-22,sale
E-1403,BIH-5,entra
E-1404,BIH-11,amonestado
E-1405,BIH-9,sale
E-1405,BIH-6,entra
E-1406,KOR-4,sale
E-1406,KOR-6,entra
E-1407,BIH-11,sale
E-1407,BIH-26,entra
E-1408,KOR-22,sale
E-1408,KOR-21,entra
E-1409,KOR-7,sale
E-1409,KOR-13,entra
E-1410,KOR-6,expulsado
E-1411,BIH-10,autor
E-1412,KOR-20,sale
E-1412,KOR-2,entra
E-1413,KOR-11,sale
E-1413,KOR-15,entra
E-1414,BIH-26,autor
E-1415,KOR-10,autor
E-1415,KOR-3,asistencia
E-1416,BIH-26,autor
E-1416,BIH-25,asistencia
E-1417,KOR-16,amonestado
E-1418,BRA-21,sale
E-1418,BRA-2,entra
E-1419,PAR-11,sale
E-1419,PAR-16,entra
E-1420,BRA-24,sale
E-1420,BRA-25,entra
E-1421,BRA-13,sale
E-1421,BRA-15,entra
E-1422,BRA-5,sale
E-1422,BRA-9,entra
E-1423,PAR-21,sale
E-1423,PAR-18,entra
E-1424,BRA-10,sale
E-1424,BRA-17,entra
E-1425,PAR-10,sale
E-1425,PAR-15,entra
E-1426,PAR-13,amonestado
E-1427,BRA-17,amonestado
E-1428,BRA-20,autor
E-1429,GER-10,amonestado
E-1430,GER-14,amonestado
E-1431,JPN-13,sale
E-1431,JPN-11,entra
E-1432,GER-10,sale
E-1432,GER-8,entra
E-1433,GER-2,sale
E-1433,GER-5,entra
E-1434,JPN-5,sale
E-1434,JPN-8,entra
E-1435,GER-3,amonestado
E-1436,JPN-14,sale
E-1436,JPN-15,entra
E-1437,GER-13,sale
E-1437,GER-11,entra
E-1438,GER-24,sale
E-1438,GER-25,entra
E-1439,GER-25,autor
E-1439,GER-11,asistencia
E-1440,JPN-9,amonestado
E-1441,JPN-8,amonestado
E-1442,URU-3,amonestado
E-1443,URU-2,amonestado
E-1444,BEL-7,autor
E-1444,BEL-20,asistencia
E-1445,BEL-4,sale
E-1445,BEL-16,entra
E-1446,BEL-10,sale
E-1446,BEL-13,entra
E-1447,BEL-15,sale
E-1447,BEL-14,entra
E-1448,URU-25,sale
E-1448,URU-18,entra
E-1449,URU-14,sale
E-1449,URU-10,entra
E-1450,BEL-11,sale
E-1450,BEL-5,entra
E-1451,URU-3,sale
E-1451,URU-15,entra
E-1452,URU-11,sale
E-1452,URU-7,entra
E-1453,URU-20,sale
E-1453,URU-26,entra
E-1454,BEL-21,autor
E-1454,BEL-20,asistencia
E-1455,FRA-22,autor
E-1455,FRA-11,asistencia
E-1456,FRA-11,amonestado
E-1457,FRA-3,autor
E-1457,FRA-10,asistencia
E-1458,ALG-2,autor
E-1459,ALG-10,amonestado
E-1460,FRA-10,sale
E-1460,FRA-13,entra
E-1461,FRA-22,sale
E-1461,FRA-21,entra
E-1462,FRA-15,sale
E-1462,FRA-6,entra
E-1463,FRA-8,amonestado
E-1464,ALG-22,amonestado
E-1465,ALG-20,sale
E-1465,ALG-19,entra
E-1466,FRA-3,sale
E-1466,FRA-9,entra
E-1467,FRA-4,sale
E-1467,FRA-18,entra
E-1468,ALG-2,sale
E-1468,ALG-8,entra
E-1469,ALG-4,sale
E-1469,ALG-7,entra
E-1470,ALG-25,sale
E-1470,ALG-21,entra
E-1471,CRO-10,amonestado
E-1472,CRO-3,amonestado
E-1473,CRO-16,amonestado
E-1474,CRO-26,sale
E-1474,CRO-15,entra
E-1475,POR-4,sale
E-1475,POR-6,entra
E-1476,CRO-3,sale
E-1476,CRO-9,entra
E-1477,CRO-16,sale
E-1477,CRO-14,entra
E-1478,POR-10,sale
E-1478,POR-17,entra
E-1479,CRO-4,sale
E-1479,CRO-24,entra
E-1480,POR-14,sale
E-1480,POR-19,entra
E-1481,POR-2,sale
E-1481,POR-11,entra
E-1482,CRO-10,autor
E-1482,CRO-11,asistencia
E-1483,POR-16,autor
E-1483,POR-3,asistencia
E-1484,CRO-2,amonestado
E-1485,POR-17,autor
E-1485,POR-21,asistencia
E-1486,ITA-11,amonestado
E-1487,WAL-3,amonestado
E-1488,ITA-4,sale
E-1488,ITA-22,entra
E-1489,WAL-8,sale
E-1489,WAL-9,entra
E-1490,WAL-24,sale
E-1490,WAL-16,entra
E-1491,WAL-21,sale
E-1491,WAL-19,entra
E-1492,WAL-16,autor
E-1492,WAL-19,asistencia
E-1493,WAL-6,amonestado
E-1494,WAL-2,sale
E-1494,WAL-5,entra
E-1495,WAL-10,autor
E-1495,WAL-19,asistencia
E-1496,ITA-2,sale
E-1496,ITA-3,entra
E-1497,WAL-18,sale
E-1497,WAL-22,entra
E-1498,ITA-25,sale
E-1498,ITA-24,entra
E-1499,ITA-21,sale
E-1499,ITA-26,entra
E-1500,ITA-11,sale
E-1500,ITA-16,entra
E-1501,POL-11,sale
E-1501,POL-8,entra
E-1502,SRB-14,sale
E-1502,SRB-15,entra
E-1503,POL-14,sale
E-1503,POL-10,entra
E-1504,SRB-5,sale
E-1504,SRB-21,entra
E-1505,SRB-24,sale
E-1505,SRB-26,entra
E-1506,POL-13,amonestado
E-1507,POL-21,sale
E-1507,POL-16,entra
E-1508,POL-5,amonestado
E-1509,POL-8,amonestado
E-1510,POL-8,expulsado
E-1511,SRB-21,amonestado
E-1512,POL-3,autor
E-1512,POL-5,asistencia
E-1513,MEX-2,amonestado
E-1514,QAT-13,autor
E-1514,QAT-18,asistencia
E-1515,QAT-3,sale
E-1515,QAT-25,entra
E-1516,QAT-2,sale
E-1516,QAT-9,entra
E-1517,MEX-11,sale
E-1517,MEX-16,entra
E-1518,QAT-21,sale
E-1518,QAT-8,entra
E-1519,MEX-2,sale
E-1519,MEX-5,entra
E-1520,MEX-10,sale
E-1520,MEX-15,entra
E-1521,MEX-20,sale
E-1521,MEX-24,entra
E-1522,QAT-10,amonestado
E-1523,QAT-4,autor
E-1524,AUS-10,amonestado
E-1525,AUS-3,amonestado
E-1526,AUS-22,amonestado
E-1527,MAR-13,sale
E-1527,MAR-17,entra
E-1528,MAR-19,sale
E-1528,MAR-10,entra
E-1529,AUS-3,sale
E-1529,AUS-5,entra
E-1530,MAR-21,sale
E-1530,MAR-25,entra
E-1531,MAR-24,sale
E-1531,MAR-26,entra
E-1532,AUS-11,sale
E-1532,AUS-4,entra
E-1533,AUS-22,autor
E-1533,AUS-2,asistencia
E-1534,MAR-6,sale
E-1534,MAR-7,entra
E-1535,AUS-10,sale
E-1535,AUS-18,entra
E-1536,MAR-20,autor
E-1536,MAR-9,asistencia
E-1537,AUS-15,autor
E-1537,AUS-21,asistencia
E-1538,MAR-17,amonestado
E-1539,MAR-20,autor
E-1540,MAR-25,autor
E-1540,MAR-17,asistencia
E-1541,NED-6,amonestado
E-1542,ECU-24,autor
E-1543,ECU-5,amonestado
E-1544,ECU-14,amonestado
E-1545,NED-11,sale
E-1545,NED-18,entra
E-1546,ECU-22,sale
E-1546,ECU-7,entra
E-1547,NED-13,sale
E-1547,NED-16,entra
E-1548,ECU-24,sale
E-1548,ECU-26,entra
E-1549,ECU-11,sale
E-1549,ECU-13,entra
E-1550,NED-5,sale
E-1550,NED-8,entra
E-1551,NED-6,sale
E-1551,NED-9,entra
E-1552,ECU-14,sale
E-1552,ECU-18,entra
E-1553,ECU-7,amonestado
E-1554,NED-3,sale
E-1554,NED-22,entra
E-1555,ECU-10,sale
E-1555,ECU-15,entra
E-1556,ECU-6,autor
E-1556,ECU-26,asistencia
E-1557,NED-21,autor
E-1557,NED-18,asistencia
E-1558,EGY-24,autor
E-1558,EGY-13,asistencia
E-1559,ESP-2,amonestado
E-1560,EGY-3,amonestado
E-1561,ESP-4,autor
E-1561,ESP-25,asistencia
E-1562,ESP-5,sale
E-1562,ESP-6,entra
E-1563,ESP-7,amonestado
E-1564,EGY-9,sale
E-1564,EGY-22,entra
E-1565,ESP-20,sale
E-1565,ESP-26,entra
E-1566,EGY-5,sale
E-1566,EGY-19,entra
E-1567,EGY-24,sale
E-1567,EGY-26,entra
E-1568,EGY-3,sale
E-1568,EGY-6,entra
E-1569,ESP-11,sale
E-1569,ESP-17,entra
E-1570,EGY-20,sale
E-1570,EGY-25,entra
E-1571,ESP-2,autor
E-1571,ESP-26,asistencia
E-1572,NOR-21,autor
E-1572,NOR-22,asistencia
E-1573,ARG-13,amonestado
E-1574,ARG-22,autor
E-1574,ARG-21,asistencia
E-1575,NOR-20,sale
E-1575,NOR-25,entra
E-1576,NOR-5,sale
E-1576,NOR-16,entra
E-1577,NOR-13,autor
E-1577,NOR-17,asistencia
E-1578,NOR-18,sale
E-1578,NOR-24,entra
E-1579,ARG-2,sale
E-1579,ARG-9,entra
E-1580,NOR-22,sale
E-1580,NOR-26,entra
E-1581,NOR-6,sale
E-1581,NOR-7,entra
E-1582,ARG-7,sale
E-1582,ARG-17,entra
E-1583,ARG-18,amonestado
E-1584,NOR-17,amonestado
E-1585,ARG-10,sale
E-1585,ARG-16,entra
E-1586,ARG-21,sale
E-1586,ARG-14,entra
E-1587,ARG-4,sale
E-1587,ARG-8,entra
E-1588,ENG-19,amonestado
E-1589,ENG-10,amonestado
E-1590,ENG-3,amonestado
E-1591,ENG-24,autor
E-1592,ENG-14,sale
E-1592,ENG-16,entra
E-1593,COL-19,sale
E-1593,COL-9,entra
E-1594,COL-22,sale
E-1594,COL-7,entra
E-1595,ENG-24,sale
E-1595,ENG-26,entra
E-1596,ENG-19,sale
E-1596,ENG-17,entra
E-1597,ENG-21,sale
E-1597,ENG-22,entra
E-1598,COL-10,sale
E-1598,COL-13,entra
E-1599,COL-4,amonestado
E-1600,DEN-10,autor
E-1600,DEN-22,asistencia
E-1601,DEN-6,autor
E-1601,DEN-10,asistencia
E-1602,DEN-10,autor
E-1602,DEN-16,asistencia
E-1603,CHN-15,sale
E-1603,CHN-6,entra
E-1604,CHN-5,amonestado
E-1605,DEN-11,sale
E-1605,DEN-17,entra
E-1606,CHN-2,sale
E-1606,CHN-9,entra
E-1607,DEN-5,sale
E-1607,DEN-3,entra
E-1608,DEN-10,sale
E-1608,DEN-14,entra
E-1609,CHN-20,sale
E-1609,CHN-24,entra
E-1610,CHN-22,sale
E-1610,CHN-26,entra
E-1611,CHN-11,sale
E-1611,CHN-16,entra
E-1612,DEN-17,autor
E-1612,DEN-16,asistencia
E-1613,DEN-2,amonestado
E-1614,VEN-16,amonestado
E-1615,OMA-20,autor
E-1616,VEN-13,sale
E-1616,VEN-11,entra
E-1617,OMA-3,autor
E-1618,OMA-14,sale
E-1618,OMA-19,entra
E-1619,OMA-3,sale
E-1619,OMA-6,entra
E-1620,VEN-21,sale
E-1620,VEN-25,entra
E-1621,VEN-20,autor
E-1621,VEN-16,asistencia
E-1622,OMA-2,sale
E-1622,OMA-11,entra
E-1623,VEN-2,sale
E-1623,VEN-9,entra
E-1624,OMA-20,sale
E-1624,OMA-9,entra
E-1625,VEN-20,sale
E-1625,VEN-26,entra
E-1626,OMA-7,sale
E-1626,OMA-17,entra
E-1627,OMA-16,amonestado
E-1628,VEN-5,sale
E-1628,VEN-18,entra
E-1629,BRA-10,autor
E-1629,BRA-11,asistencia
E-1630,BRA-20,autor
E-1631,BRA-8,sale
E-1631,BRA-9,entra
E-1632,BIH-11,sale
E-1632,BIH-19,entra
E-1633,BRA-5,sale
E-1633,BRA-16,entra
E-1634,BIH-22,sale
E-1634,BIH-5,entra
E-1635,BIH-3,sale
E-1635,BIH-4,entra
E-1636,BRA-20,amonestado
E-1637,BRA-24,sale
E-1637,BRA-26,entra
E-1638,BRA-20,sale
E-1638,BRA-22,entra
E-1639,BIH-5,amonestado
E-1640,BRA-21,autor
E-1640,BRA-16,asistencia
E-1641,GER-10,autor
E-1642,BEL-5,amonestado
E-1643,BEL-22,amonestado
E-1644,BEL-13,sale
E-1644,BEL-14,entra
E-1645,GER-24,sale
E-1645,GER-25,entra
E-1646,BEL-22,sale
E-1646,BEL-25,entra
E-1647,GER-26,sale
E-1647,GER-15,entra
E-1648,BEL-16,sale
E-1648,BEL-26,entra
E-1649,GER-21,sale
E-1649,GER-22,entra
E-1650,BEL-6,sale
E-1650,BEL-19,entra
E-1651,POR-15,autor
E-1651,POR-13,asistencia
E-1652,POR-26,amonestado
E-1653,POR-7,amonestado
E-1654,FRA-25,autor
E-1655,FRA-26,autor
E-1655,FRA-7,asistencia
E-1656,POR-15,amonestado
E-1657,FRA-20,amonestado
E-1658,FRA-7,sale
E-1658,FRA-4,entra
E-1659,POR-26,autor
E-1659,POR-7,asistencia
E-1660,POR-13,sale
E-1660,POR-10,entra
E-1661,FRA-26,sale
E-1661,FRA-22,entra
E-1662,FRA-6,sale
E-1662,FRA-5,entra
E-1663,POR-4,sale
E-1663,POR-14,entra
E-1664,POR-8,amonestado
E-1665,POR-17,sale
E-1665,POR-11,entra
E-1666,FRA-3,sale
E-1666,FRA-17,entra
E-1667,POR-26,sale
E-1667,POR-22,entra
E-1668,POR-21,sale
E-1668,POR-20,entra
E-1669,POR-14,autor
E-1669,POR-11,asistencia
E-1670,POL-25,autor
E-1670,POL-17,asistencia
E-1671,WAL-16,amonestado
E-1672,POL-2,amonestado
E-1673,POL-20,autor
E-1673,POL-2,asistencia
E-1674,WAL-21,sale
E-1674,WAL-24,entra
E-1675,WAL-16,autor
E-1675,WAL-6,asistencia
E-1676,POL-17,sale
E-1676,POL-11,entra
E-1677,POL-25,autor
E-1677,POL-13,asistencia
E-1678,WAL-25,sale
E-1678,WAL-26,entra
E-1679,POL-25,sale
E-1679,POL-9,entra
E-1680,POL-13,autor
E-1681,POL-2,sale
E-1681,POL-6,entra
E-1682,POL-4,amonestado
E-1683,WAL-13,sale
E-1683,WAL-18,entra
E-1684,POL-3,sale
E-1684,POL-5,entra
E-1685,POL-13,sale
E-1685,POL-22,entra
E-1686,WAL-24,autor
E-1687,WAL-3,amonestado
E-1688,WAL-18,autor
E-1688,WAL-5,asistencia
E-1689,POL-10,amonestado
E-1690,QAT-17,amonestado
E-1691,MAR-20,autor
E-1691,MAR-13,asistencia
E-1692,QAT-5,amonestado
E-1693,MAR-21,sale
E-1693,MAR-24,entra
E-1694,QAT-20,sale
E-1694,QAT-13,entra
E-1695,MAR-9,sale
E-1695,MAR-25,entra
E-1696,MAR-14,sale
E-1696,MAR-17,entra
E-1697,MAR-13,sale
E-1697,MAR-10,entra
E-1698,MAR-3,sale
E-1698,MAR-8,entra
E-1699,QAT-17,sale
E-1699,QAT-18,entra
E-1700,QAT-10,sale
E-1700,QAT-14,entra
E-1701,QAT-13,amonestado
E-1702,ESP-13,amonestado
E-1703,ECU-4,amonestado
E-1704,ECU-10,amonestado
E-1705,ECU-20,autor
E-1705,ECU-10,asistencia
E-1706,ESP-16,autor
E-1706,ESP-24,asistencia
E-1707,ESP-21,autor
E-1708,ECU-20,sale
E-1708,ECU-22,entra
E-1709,ESP-21,sale
E-1709,ESP-25,entra
E-1710,ECU-4,sale
E-1710,ECU-7,entra
E-1711,ESP-11,sale
E-1711,ESP-15,entra
E-1712,ECU-14,sale
E-1712,ECU-19,entra
E-1713,ESP-16,sale
E-1713,ESP-19,entra
E-1714,ECU-19,amonestado
E-1715,ESP-2,sale
E-1715,ESP-4,entra
E-1716,ECU-10,sale
E-1716,ECU-16,entra
E-1717,ECU-26,sale
E-1717,ECU-24,entra
E-1718,ESP-8,sale
E-1718,ESP-7,entra
E-1719,ECU-11,amonestado
E-1720,ECU-22,autor
E-1721,ESP-19,autor
E-1722,ENG-5,autor
E-1722,ENG-20,asistencia
E-1723,NOR-26,sale
E-1723,NOR-19,entra
E-1724,NOR-14,sale
E-1724,NOR-18,entra
E-1725,ENG-26,sale
E-1725,ENG-7,entra
E-1726,ENG-11,amonestado
E-1727,NOR-4,sale
E-1727,NOR-7,entra
E-1728,ENG-2,amonestado
E-1729,ENG-4,sale
E-1729,ENG-9,entra
E-1730,NOR-19,amonestado
E-1731,ENG-10,expulsado
E-1732,ENG-21,sale
E-1732,ENG-25,entra
E-1733,ENG-3,autor
E-1733,ENG-25,asistencia
E-1734,NOR-22,autor
E-1735,ENG-5,sale
E-1735,ENG-24,entra
E-1736,ENG-20,autor
E-1736,ENG-25,asistencia
E-1737,DEN-20,autor
E-1737,DEN-6,asistencia
E-1738,OMA-4,amonestado
E-1739,DEN-3,autor
E-1739,DEN-15,asistencia
E-1740,OMA-6,amonestado
E-1741,DEN-14,amonestado
E-1742,DEN-6,sale
E-1742,DEN-18,entra
E-1743,DEN-24,sale
E-1743,DEN-13,entra
E-1744,OMA-22,sale
E-1744,OMA-13,entra
E-1745,DEN-21,sale
E-1745,DEN-22,entra
E-1746,OMA-8,sale
E-1746,OMA-5,entra
E-1747,OMA-11,sale
E-1747,OMA-15,entra
E-1748,DEN-14,autor
E-1748,DEN-3,asistencia
E-1749,OMA-20,sale
E-1749,OMA-26,entra
E-1750,OMA-6,sale
E-1750,OMA-3,entra
E-1751,DEN-22,autor
E-1751,DEN-2,asistencia
E-1752,OMA-25,autor
E-1752,OMA-4,asistencia
E-1753,GER-20,autor
E-1753,GER-15,asistencia
E-1754,GER-2,amonestado
E-1755,BRA-15,amonestado
E-1756,GER-13,autor
E-1756,GER-6,asistencia
E-1757,BRA-2,amonestado
E-1758,BRA-6,amonestado
E-1759,GER-20,sale
E-1759,GER-17,entra
E-1760,BRA-25,sale
E-1760,BRA-26,entra
E-1761,BRA-3,sale
E-1761,BRA-8,entra
E-1762,GER-15,sale
E-1762,GER-26,entra
E-1763,BRA-2,sale
E-1763,BRA-4,entra
E-1764,BRA-5,sale
E-1764,BRA-9,entra
E-1765,BRA-8,amonestado
E-1766,GER-4,sale
E-1766,GER-3,entra
E-1767,GER-13,sale
E-1767,GER-19,entra
E-1768,BRA-26,autor
E-1769,BRA-20,sale
E-1769,BRA-24,entra
E-1770,POR-11,autor
E-1770,POR-21,asistencia
E-1771,POL-24,autor
E-1771,POL-11,asistencia
E-1772,POR-9,amonestado
E-1773,POL-11,autor
E-1773,POL-20,asistencia
E-1774,POR-4,amonestado
E-1775,POR-13,amonestado
E-1776,POL-20,autor
E-1777,POL-22,sale
E-1777,POL-13,entra
E-1778,POR-4,sale
E-1778,POR-6,entra
E-1779,POL-2,sale
E-1779,POL-19,entra
E-1780,POR-20,sale
E-1780,POR-16,entra
E-1781,POR-9,sale
E-1781,POR-8,entra
E-1782,POL-24,sale
E-1782,POL-26,entra
E-1783,POL-10,autor
E-1783,POL-11,asistencia
E-1784,POR-7,sale
E-1784,POR-15,entra
E-1785,POR-21,autor
E-1785,POR-13,asistencia
E-1786,ESP-2,amonestado
E-1787,MAR-9,amonestado
E-1788,ESP-8,amonestado
E-1789,MAR-25,autor
E-1789,MAR-21,asistencia
E-1790,ESP-21,autor
E-1791,ESP-7,autor
E-1792,MAR-9,autor
E-1793,ESP-7,amonestado
E-1794,ESP-21,sale
E-1794,ESP-24,entra
E-1795,MAR-2,amonestado
E-1796,MAR-11,sale
E-1796,MAR-13,entra
E-1797,ESP-2,sale
E-1797,ESP-4,entra
E-1798,ESP-18,sale
E-1798,ESP-17,entra
E-1799,MAR-20,sale
E-1799,MAR-6,entra
E-1800,ESP-25,sale
E-1800,ESP-6,entra
E-1801,MAR-9,sale
E-1801,MAR-7,entra
E-1802,ESP-3,sale
E-1802,ESP-14,entra
E-1803,MAR-5,autor
E-1804,MAR-5,sale
E-1804,MAR-4,entra
E-1805,MAR-2,sale
E-1805,MAR-26,entra
E-1806,ENG-8,amonestado
E-1807,ENG-14,autor
E-1807,ENG-10,asistencia
E-1808,ENG-9,autor
E-1809,DEN-14,sale
E-1809,DEN-26,entra
E-1810,DEN-2,sale
E-1810,DEN-8,entra
E-1811,ENG-13,sale
E-1811,ENG-2,entra
E-1812,DEN-3,sale
E-1812,DEN-6,entra
E-1813,ENG-25,sale
E-1813,ENG-16,entra
E-1814,DEN-21,sale
E-1814,DEN-25,entra
E-1815,ENG-10,sale
E-1815,ENG-17,entra
E-1816,DEN-26,autor
E-1816,DEN-22,asistencia
E-1817,DEN-10,sale
E-1817,DEN-19,entra
E-1818,ENG-22,sale
E-1818,ENG-20,entra
E-1819,DEN-5,amonestado
E-1820,ENG-14,sale
E-1820,ENG-11,entra
E-1821,GER-12,amonestado
E-1822,POL-20,autor
E-1822,POL-14,asistencia
E-1823,GER-8,amonestado
E-1824,POL-9,amonestado
E-1825,GER-10,sale
E-1825,GER-18,entra
E-1826,POL-20,sale
E-1826,POL-18,entra
E-1827,GER-22,autor
E-1827,GER-20,asistencia
E-1828,GER-2,autor
E-1829,GER-8,sale
E-1829,GER-13,entra
E-1830,POL-14,sale
E-1830,POL-11,entra
E-1831,GER-19,sale
E-1831,GER-11,entra
E-1832,POL-21,sale
E-1832,POL-24,entra
E-1833,POL-4,sale
E-1833,POL-22,entra
E-1834,GER-6,sale
E-1834,GER-17,entra
E-1835,POL-9,sale
E-1835,POL-13,entra
E-1836,GER-20,amonestado
E-1837,GER-22,autor
E-1837,GER-14,asistencia
E-1838,ENG-26,autor
E-1838,ENG-15,asistencia
E-1839,MAR-17,amonestado
E-1840,ENG-8,autor
E-1840,ENG-7,asistencia
E-1841,MAR-26,amonestado
E-1842,ENG-20,autor
E-1843,MAR-17,autor
E-1843,MAR-11,asistencia
E-1844,ENG-10,amonestado
E-1845,MAR-21,sale
E-1845,MAR-25,entra
E-1846,MAR-3,amonestado
E-1847,MAR-8,sale
E-1847,MAR-16,entra
E-1848,ENG-4,sale
E-1848,ENG-16,entra
E-1849,MAR-14,sale
E-1849,MAR-13,entra
E-1850,MAR-2,sale
E-1850,MAR-24,entra
E-1851,ENG-26,sale
E-1851,ENG-18,entra
E-1852,ENG-8,amonestado
E-1853,MAR-26,sale
E-1853,MAR-5,entra
E-1854,ENG-15,sale
E-1854,ENG-13,entra
E-1855,GER-5,amonestado
E-1856,GER-15,amonestado
E-1857,GER-25,autor
E-1857,GER-11,asistencia
E-1858,ENG-24,autor
E-1858,ENG-9,asistencia
E-1859,ENG-4,sale
E-1859,ENG-16,entra
E-1860,GER-5,sale
E-1860,GER-7,entra
E-1861,ENG-10,sale
E-1861,ENG-13,entra
E-1862,ENG-21,sale
E-1862,ENG-14,entra
E-1863,GER-24,sale
E-1863,GER-17,entra
E-1864,ENG-11,amonestado
E-1865,GER-21,sale
E-1865,GER-6,entra
E-1866,ENG-24,expulsado
E-1867,GER-9,sale
E-1867,GER-2,entra
E-1868,GER-11,amonestado
E-1869,ENG-14,autor
E-1869,ENG-6,asistencia
